DATAFLOW,FREQ,CANTON,TIME_PERIOD,OBS_VALUE,NOTE_YEAR_2,NOTE_YEAR_1,NOTE_CANTON_2,NOTE_CANTON_1,OBS_STATUS,DECIMALS
LU1:DF_X021(1.1),A,0204,2010,30147,,,,,,0
LU1:DF_X021(1.1),A,0204,2011,30125,,,,,,0
LU1:DF_X021(1.1),A,0204,2012,30863,,,,,,0
LU1:DF_X021(1.1),A,0204,2013,31898,,,,,,0
LU1:DF_X021(1.1),A,0204,2014,32600,,,,,,0
LU1:DF_X021(1.1),A,0204,2015,33286,,,,,,0
LU1:DF_X021(1.1),A,0204,2016,33939,,,,,,0
LU1:DF_X021(1.1),A,0204,2017,34378,,,,,,0
LU1:DF_X021(1.1),A,0204,2018,35040,,,,,,0
LU1:DF_X021(1.1),A,0204,2019,35382,,,,,,0
LU1:DF_X021(1.1),A,0204,2020,36218,,,,,,0
LU1:DF_X021(1.1),A,0204,2021,36228,,,,,,0
LU1:DF_X021(1.1),A,0204,2022,36177,,,,,,0
LU1:DF_X021(1.1),A,0204,2023,36625,,,,,,0
LU1:DF_X021(1.1),A,0204,2024,37455,,,,,,0
LU1:DF_X021(1.1),A,0204,2025,37922,,,,,,0
LU1:DF_X021(1.1),A,0204,2026,38275,,,,,,0
LU1:DF_X021(1.1),A,0308,2010,4665,,,,,,0
LU1:DF_X021(1.1),A,0308,2011,4717,,,,,,0
LU1:DF_X021(1.1),A,0308,2012,4738,,,,,,0
LU1:DF_X021(1.1),A,0308,2013,4866,,,,,,0
LU1:DF_X021(1.1),A,0308,2014,4921,,,,,,0
LU1:DF_X021(1.1),A,0308,2015,5016,,,,,,0
LU1:DF_X021(1.1),A,0308,2016,5171,,,,,,0
LU1:DF_X021(1.1),A,0308,2017,5311,,,,,,0
LU1:DF_X021(1.1),A,0308,2018,5321,,,,,,0
LU1:DF_X021(1.1),A,0308,2019,5408,,,,,,0
LU1:DF_X021(1.1),A,0308,2020,5443,,,,,,0
LU1:DF_X021(1.1),A,0308,2021,5500,,,,,,0
LU1:DF_X021(1.1),A,0308,2022,5544,,,,,,0
LU1:DF_X021(1.1),A,0308,2023,5539,,,,,,0
LU1:DF_X021(1.1),A,0308,2024,5677,,,,,,0
LU1:DF_X021(1.1),A,0308,2025,6018,,,,,,0
LU1:DF_X021(1.1),A,0308,2026,6186,,,,,,0
LU1:DF_X021(1.1),A,C07,2010,16005,,,,,,0
LU1:DF_X021(1.1),A,C07,2011,16146,,,,,,0
LU1:DF_X021(1.1),A,C07,2012,16588,,,,,,0
LU1:DF_X021(1.1),A,C07,2013,16738,,,,,,0
LU1:DF_X021(1.1),A,C07,2014,17086,,,,,,0
LU1:DF_X021(1.1),A,C07,2015,17401,,,,,,0
LU1:DF_X021(1.1),A,C07,2016,17609,,,,,,0
LU1:DF_X021(1.1),A,C07,2017,18351,,,,,,0
LU1:DF_X021(1.1),A,C07,2018,18664,,,,,,0
LU1:DF_X021(1.1),A,C07,2019,19096,,,,,,0
LU1:DF_X021(1.1),A,C07,2020,19473,,,,,,0
LU1:DF_X021(1.1),A,C07,2021,19866,,,,,,0
LU1:DF_X021(1.1),A,C07,2022,20371,,,,,,0
LU1:DF_X021(1.1),A,C07,2023,20874,,,,,,0
LU1:DF_X021(1.1),A,C07,2024,21138,,,,,,0
LU1:DF_X021(1.1),A,C07,2025,21442,,,,,,0
LU1:DF_X021(1.1),A,C07,2026,21701,,,,,,0
LU1:DF_X021(1.1),A,0404,2010,820,,,,,,0
LU1:DF_X021(1.1),A,0404,2011,894,,,,,,0
LU1:DF_X021(1.1),A,0404,2012,937,,,,,,0
LU1:DF_X021(1.1),A,0404,2013,1016,,,,,,0
LU1:DF_X021(1.1),A,0404,2014,1092,,,,,,0
LU1:DF_X021(1.1),A,0404,2015,1139,,,,,,0
LU1:DF_X021(1.1),A,0404,2016,1174,,,,,,0
LU1:DF_X021(1.1),A,0404,2017,1195,,,,,,0
LU1:DF_X021(1.1),A,0404,2018,1236,,,,,,0
LU1:DF_X021(1.1),A,0404,2019,1239,,,,,,0
LU1:DF_X021(1.1),A,0404,2020,1215,,,,,,0
LU1:DF_X021(1.1),A,0404,2021,1238,,,,,,0
LU1:DF_X021(1.1),A,0404,2022,1256,,,,,,0
LU1:DF_X021(1.1),A,0404,2023,1308,,,,,,0
LU1:DF_X021(1.1),A,0404,2024,1300,,,,,,0
LU1:DF_X021(1.1),A,0404,2025,1306,,,,,,0
LU1:DF_X021(1.1),A,0404,2026,1344,,,,,,0
LU1:DF_X021(1.1),A,0504,2010,2918,,,,,,0
LU1:DF_X021(1.1),A,0504,2011,2919,,,,,,0
LU1:DF_X021(1.1),A,0504,2012,2962,,,,,,0
LU1:DF_X021(1.1),A,0504,2013,3017,,,,,,0
LU1:DF_X021(1.1),A,0504,2014,3010,,,,,,0
LU1:DF_X021(1.1),A,0504,2015,3039,,,,,,0
LU1:DF_X021(1.1),A,0504,2016,3112,,,,,,0
LU1:DF_X021(1.1),A,0504,2017,3141,,,,,,0
LU1:DF_X021(1.1),A,0504,2018,3179,,,,,,0
LU1:DF_X021(1.1),A,0504,2019,3201,,,,,,0
LU1:DF_X021(1.1),A,0504,2020,3296,,,,,,0
LU1:DF_X021(1.1),A,0504,2021,3367,,,,,,0
LU1:DF_X021(1.1),A,0504,2022,3465,,,,,,0
LU1:DF_X021(1.1),A,0504,2023,3513,,,,,,0
LU1:DF_X021(1.1),A,0504,2024,3580,,,,,,0
LU1:DF_X021(1.1),A,0504,2025,3654,,,,,,0
LU1:DF_X021(1.1),A,0504,2026,3708,,,,,,0
LU1:DF_X021(1.1),A,0704,2010,3854,,,,,,0
LU1:DF_X021(1.1),A,0704,2011,3898,,,,,,0
LU1:DF_X021(1.1),A,0704,2012,4064,,,,,,0
LU1:DF_X021(1.1),A,0704,2013,4025,,,,,,0
LU1:DF_X021(1.1),A,0704,2014,4071,,,,,,0
LU1:DF_X021(1.1),A,0704,2015,4169,,,,,,0
LU1:DF_X021(1.1),A,0704,2016,4202,,,,,,0
LU1:DF_X021(1.1),A,0704,2017,4284,,,,,,0
LU1:DF_X021(1.1),A,0704,2018,4326,,,,,,0
LU1:DF_X021(1.1),A,0704,2019,4419,,,,,,0
LU1:DF_X021(1.1),A,0704,2020,4480,,,,,,0
LU1:DF_X021(1.1),A,0704,2021,4589,,,,,,0
LU1:DF_X021(1.1),A,0704,2022,4715,,,,,,0
LU1:DF_X021(1.1),A,0704,2023,4836,,,,,,0
LU1:DF_X021(1.1),A,0704,2024,4934,,,,,,0
LU1:DF_X021(1.1),A,0704,2025,5004,,,,,,0
LU1:DF_X021(1.1),A,0704,2026,5064,,,,,,0
LU1:DF_X021(1.1),A,1204,2010,4530,,,,,,0
LU1:DF_X021(1.1),A,1204,2011,4393,,,,,,0
LU1:DF_X021(1.1),A,1204,2012,4445,,,,,,0
LU1:DF_X021(1.1),A,1204,2013,4446,,,,,,0
LU1:DF_X021(1.1),A,1204,2014,4637,,,,,,0
LU1:DF_X021(1.1),A,1204,2015,4651,,,,,,0
LU1:DF_X021(1.1),A,1204,2016,4800,,,,,,0
LU1:DF_X021(1.1),A,1204,2017,4999,,,,,,0
LU1:DF_X021(1.1),A,1204,2018,5082,,,,,,0
LU1:DF_X021(1.1),A,1204,2019,5273,,,,,,0
LU1:DF_X021(1.1),A,1204,2020,5359,,,,,,0
LU1:DF_X021(1.1),A,1204,2021,5404,,,,,,0
LU1:DF_X021(1.1),A,1204,2022,5436,,,,,,0
LU1:DF_X021(1.1),A,1204,2023,5424,,,,,,0
LU1:DF_X021(1.1),A,1204,2024,5432,,,,,,0
LU1:DF_X021(1.1),A,1204,2025,5432,,,,,,0
LU1:DF_X021(1.1),A,1204,2026,5524,,,,,,0
LU1:DF_X021(1.1),A,1001,2010,2126,,,,,,0
LU1:DF_X021(1.1),A,1001,2011,2254,,,,,,0
LU1:DF_X021(1.1),A,1001,2012,2273,,,,,,0
LU1:DF_X021(1.1),A,1001,2013,2372,,,,,,0
LU1:DF_X021(1.1),A,1001,2014,2412,,,,,,0
LU1:DF_X021(1.1),A,1001,2015,2478,,,,,,0
LU1:DF_X021(1.1),A,1001,2016,2545,,,,,,0
LU1:DF_X021(1.1),A,1001,2017,2699,,,,,,0
LU1:DF_X021(1.1),A,1001,2018,2816,,,,,,0
LU1:DF_X021(1.1),A,1001,2019,2802,,,,,,0
LU1:DF_X021(1.1),A,1001,2020,2885,,,,,,0
LU1:DF_X021(1.1),A,1001,2021,2901,,,,,,0
LU1:DF_X021(1.1),A,1001,2022,3019,,,,,,0
LU1:DF_X021(1.1),A,1001,2023,3053,,,,,,0
LU1:DF_X021(1.1),A,1001,2024,3044,,,,,,0
LU1:DF_X021(1.1),A,1001,2025,3124,,,,,,0
LU1:DF_X021(1.1),A,1001,2026,3102,,,,,,0
LU1:DF_X021(1.1),A,0505,2010,1331,,,,,,0
LU1:DF_X021(1.1),A,0505,2011,1362,,,,,,0
LU1:DF_X021(1.1),A,0505,2012,1396,,,,,,0
LU1:DF_X021(1.1),A,0505,2013,1440,,,,,,0
LU1:DF_X021(1.1),A,0505,2014,1493,,,,,,0
LU1:DF_X021(1.1),A,0505,2015,1572,,,,,,0
LU1:DF_X021(1.1),A,0505,2016,1676,,,,,,0
LU1:DF_X021(1.1),A,0505,2017,1760,,,,,,0
LU1:DF_X021(1.1),A,0505,2018,1843,,,,,,0
LU1:DF_X021(1.1),A,0505,2019,1912,,,,,,0
LU1:DF_X021(1.1),A,0505,2020,2005,,,,,,0
LU1:DF_X021(1.1),A,0505,2021,2104,,,,,,0
LU1:DF_X021(1.1),A,0505,2022,2235,,,,,,0
LU1:DF_X021(1.1),A,0505,2023,2313,,,,,,0
LU1:DF_X021(1.1),A,0505,2024,2456,,,,,,0
LU1:DF_X021(1.1),A,0505,2025,2623,,,,,,0
LU1:DF_X021(1.1),A,0505,2026,2699,,,,,,0
LU1:DF_X021(1.1),A,0702,2010,1372,,,,,,0
LU1:DF_X021(1.1),A,0702,2011,1392,,,,,,0
LU1:DF_X021(1.1),A,0702,2012,1405,,,,,,0
LU1:DF_X021(1.1),A,0702,2013,1469,,,,,,0
LU1:DF_X021(1.1),A,0702,2014,1574,,,,,,0
LU1:DF_X021(1.1),A,0702,2015,1593,,,,,,0
LU1:DF_X021(1.1),A,0702,2016,1621,,,,,,0
LU1:DF_X021(1.1),A,0702,2017,1705,,,,,,0
LU1:DF_X021(1.1),A,0702,2018,1717,,,,,,0
LU1:DF_X021(1.1),A,0702,2019,1703,,,,,,0
LU1:DF_X021(1.1),A,0702,2020,1698,,,,,,0
LU1:DF_X021(1.1),A,0702,2021,1725,,,,,,0
LU1:DF_X021(1.1),A,0702,2022,1763,,,,,,0
LU1:DF_X021(1.1),A,0702,2023,1827,,,,,,0
LU1:DF_X021(1.1),A,0702,2024,1825,,,,,,0
LU1:DF_X021(1.1),A,0702,2025,1834,,,,,,0
LU1:DF_X021(1.1),A,0702,2026,1802,,,,,,0
LU1:DF_X021(1.1),A,C11,2010,24969,,,,,,0
LU1:DF_X021(1.1),A,C11,2011,25599,,,,,,0
LU1:DF_X021(1.1),A,C11,2012,26135,,,,,,0
LU1:DF_X021(1.1),A,C11,2013,26673,,,,,,0
LU1:DF_X021(1.1),A,C11,2014,27295,,,,,,0
LU1:DF_X021(1.1),A,C11,2015,27959,,,,,,0
LU1:DF_X021(1.1),A,C11,2016,28492,,,,,,0
LU1:DF_X021(1.1),A,C11,2017,29525,,,,,,0
LU1:DF_X021(1.1),A,C11,2018,29828,,,,,,0
LU1:DF_X021(1.1),A,C11,2019,30361,,,,,,0
LU1:DF_X021(1.1),A,C11,2020,30887,,,,,,0
LU1:DF_X021(1.1),A,C11,2021,31378,,,,,,0
LU1:DF_X021(1.1),A,C11,2022,31748,,,,,,0
LU1:DF_X021(1.1),A,C11,2023,32524,,,,,,0
LU1:DF_X021(1.1),A,C11,2024,33047,,,,,,0
LU1:DF_X021(1.1),A,C11,2025,33712,,,,,,0
LU1:DF_X021(1.1),A,C11,2026,34007,,,,,,0
LU1:DF_X021(1.1),A,1101,2010,3196,,,,,,0
LU1:DF_X021(1.1),A,1101,2011,3236,,,,,,0
LU1:DF_X021(1.1),A,1101,2012,3299,,,,,,0
LU1:DF_X021(1.1),A,1101,2013,3467,,,,,,0
LU1:DF_X021(1.1),A,1101,2014,3542,,,,,,0
LU1:DF_X021(1.1),A,1101,2015,3578,,,,,,0
LU1:DF_X021(1.1),A,1101,2016,3637,,,,,,0
LU1:DF_X021(1.1),A,1101,2017,3810,,,,,,0
LU1:DF_X021(1.1),A,1101,2018,3888,,,,,,0
LU1:DF_X021(1.1),A,1101,2019,4002,,,,,,0
LU1:DF_X021(1.1),A,1101,2020,4093,,,,,,0
LU1:DF_X021(1.1),A,1101,2021,4149,,,,,,0
LU1:DF_X021(1.1),A,1101,2022,4107,,,,,,0
LU1:DF_X021(1.1),A,1101,2023,4105,,,,,,0
LU1:DF_X021(1.1),A,1101,2024,4109,,,,,,0
LU1:DF_X021(1.1),A,1101,2025,4071,,,,,,0
LU1:DF_X021(1.1),A,1101,2026,4127,,,,,,0
LU1:DF_X021(1.1),A,1206,2010,4100,,,,,,0
LU1:DF_X021(1.1),A,1206,2011,4093,,,,,,0
LU1:DF_X021(1.1),A,1206,2012,4161,,,,,,0
LU1:DF_X021(1.1),A,1206,2013,4223,,,,,,0
LU1:DF_X021(1.1),A,1206,2014,4313,,,,,,0
LU1:DF_X021(1.1),A,1206,2015,4459,,,,,,0
LU1:DF_X021(1.1),A,1206,2016,4615,,,,,,0
LU1:DF_X021(1.1),A,1206,2017,4805,,,,,,0
LU1:DF_X021(1.1),A,1206,2018,4812,,,,,,0
LU1:DF_X021(1.1),A,1206,2019,4833,,,,,,0
LU1:DF_X021(1.1),A,1206,2020,4924,,,,,,0
LU1:DF_X021(1.1),A,1206,2021,4956,,,,,,0
LU1:DF_X021(1.1),A,1206,2022,5090,,,,,,0
LU1:DF_X021(1.1),A,1206,2023,5196,,,,,,0
LU1:DF_X021(1.1),A,1206,2024,5163,,,,,,0
LU1:DF_X021(1.1),A,1206,2025,5215,,,,,,0
LU1:DF_X021(1.1),A,1206,2026,5265,,,,,,0
LU1:DF_X021(1.1),A,0807,2010,5702,,,,,,0
LU1:DF_X021(1.1),A,0807,2011,5758,,,,,,0
LU1:DF_X021(1.1),A,0807,2012,5903,,,,,,0
LU1:DF_X021(1.1),A,0807,2013,6087,,,,,,0
LU1:DF_X021(1.1),A,0807,2014,6243,,,,,,0
LU1:DF_X021(1.1),A,0807,2015,6387,,,,,,0
LU1:DF_X021(1.1),A,0807,2016,6522,,,,,,0
LU1:DF_X021(1.1),A,0807,2017,6730,,,,,,0
LU1:DF_X021(1.1),A,0807,2018,6866,,,,,,0
LU1:DF_X021(1.1),A,0807,2019,7066,,,,,,0
LU1:DF_X021(1.1),A,0807,2020,7273,,,,,,0
LU1:DF_X021(1.1),A,0807,2021,7533,,,,,,0
LU1:DF_X021(1.1),A,0807,2022,7723,,,,,,0
LU1:DF_X021(1.1),A,0807,2023,7949,,,,,,0
LU1:DF_X021(1.1),A,0807,2024,8102,,,,,,0
LU1:DF_X021(1.1),A,0807,2025,8310,,,,,,0
LU1:DF_X021(1.1),A,0807,2026,8538,,,,,,0
LU1:DF_X021(1.1),A,0901,2010,1725,,,,,,0
LU1:DF_X021(1.1),A,0901,2011,1702,,,,,,0
LU1:DF_X021(1.1),A,0901,2012,1737,,,,,,0
LU1:DF_X021(1.1),A,0901,2013,1772,,,,,,0
LU1:DF_X021(1.1),A,0901,2014,1819,,,,,,0
LU1:DF_X021(1.1),A,0901,2015,1889,,,,,,0
LU1:DF_X021(1.1),A,0901,2016,1943,,,,,,0
LU1:DF_X021(1.1),A,0901,2017,2031,,,,,,0
LU1:DF_X021(1.1),A,0901,2018,2048,,,,,,0
LU1:DF_X021(1.1),A,0901,2019,2083,,,,,,0
LU1:DF_X021(1.1),A,0901,2020,2222,,,,,,0
LU1:DF_X021(1.1),A,0901,2021,2214,,,,,,0
LU1:DF_X021(1.1),A,0901,2022,2194,,,,,,0
LU1:DF_X021(1.1),A,0901,2023,2238,,,,,,0
LU1:DF_X021(1.1),A,0901,2024,2292,,,,,,0
LU1:DF_X021(1.1),A,0901,2025,2346,,,,,,0
LU1:DF_X021(1.1),A,0901,2026,2374,,,,,,0
LU1:DF_X021(1.1),A,C03,2010,147017,,,,,,0
LU1:DF_X021(1.1),A,C03,2011,151592,,,,,,0
LU1:DF_X021(1.1),A,C03,2012,157397,,,,,,0
LU1:DF_X021(1.1),A,C03,2013,162464,,,,,,0
LU1:DF_X021(1.1),A,C03,2014,167199,,,,,,0
LU1:DF_X021(1.1),A,C03,2015,172332,,,,,,0
LU1:DF_X021(1.1),A,C03,2016,177969,,,,,,0
LU1:DF_X021(1.1),A,C03,2017,179369,,,,,,0
LU1:DF_X021(1.1),A,C03,2018,182607,,,,,,0
LU1:DF_X021(1.1),A,C03,2019,186533,,,,,,0
LU1:DF_X021(1.1),A,C03,2020,190671,,,,,,0
LU1:DF_X021(1.1),A,C03,2021,193509,,,,,,0
LU1:DF_X021(1.1),A,C03,2022,198476,,,,,,0
LU1:DF_X021(1.1),A,C03,2023,204358,,,,,,0
LU1:DF_X021(1.1),A,C03,2024,207650,,,,,,0
LU1:DF_X021(1.1),A,C03,2025,210561,,,,,,0
LU1:DF_X021(1.1),A,C03,2026,213766,,,,,,0
LU1:DF_X021(1.1),A,0101,2010,3537,,,,,,0
LU1:DF_X021(1.1),A,0101,2011,3544,,,,,,0
LU1:DF_X021(1.1),A,0101,2012,3627,,,,,,0
LU1:DF_X021(1.1),A,0101,2013,3727,,,,,,0
LU1:DF_X021(1.1),A,0101,2014,3859,,,,,,0
LU1:DF_X021(1.1),A,0101,2015,4037,,,,,,0
LU1:DF_X021(1.1),A,0101,2016,4071,,,,,,0
LU1:DF_X021(1.1),A,0101,2017,4178,,,,,,0
LU1:DF_X021(1.1),A,0101,2018,4210,,,,,,0
LU1:DF_X021(1.1),A,0101,2019,4333,,,,,,0
LU1:DF_X021(1.1),A,0101,2020,4449,,,,,,0
LU1:DF_X021(1.1),A,0101,2021,4461,,,,,,0
LU1:DF_X021(1.1),A,0101,2022,4494,,,,,,0
LU1:DF_X021(1.1),A,0101,2023,4635,,,,,,0
LU1:DF_X021(1.1),A,0101,2024,4593,,,,,,0
LU1:DF_X021(1.1),A,0101,2025,4667,,,,,,0
LU1:DF_X021(1.1),A,0101,2026,4721,,,,,,0
LU1:DF_X021(1.1),A,0311,2010,1841,,,,,,0
LU1:DF_X021(1.1),A,0311,2011,1929,,,,,,0
LU1:DF_X021(1.1),A,0311,2012,1955,,,,,,0
LU1:DF_X021(1.1),A,0311,2013,2032,,,,,,0
LU1:DF_X021(1.1),A,0311,2014,2120,,,,,,0
LU1:DF_X021(1.1),A,0311,2015,2178,,,,,,0
LU1:DF_X021(1.1),A,0311,2016,2245,,,,,,0
LU1:DF_X021(1.1),A,0311,2017,2387,,,,,,0
LU1:DF_X021(1.1),A,0311,2018,2389,,,,,,0
LU1:DF_X021(1.1),A,0311,2019,2400,,,,,,0
LU1:DF_X021(1.1),A,0311,2020,2404,,,,,,0
LU1:DF_X021(1.1),A,0311,2021,2456,,,,,,0
LU1:DF_X021(1.1),A,0311,2022,2497,,,,,,0
LU1:DF_X021(1.1),A,0311,2023,2498,,,,,,0
LU1:DF_X021(1.1),A,0311,2024,2505,,,,,,0
LU1:DF_X021(1.1),A,0311,2025,2519,,,,,,0
LU1:DF_X021(1.1),A,0311,2026,2523,,,,,,0
LU1:DF_X021(1.1),A,0610,2010,2223,,,,,,0
LU1:DF_X021(1.1),A,0610,2011,2349,,,,,,0
LU1:DF_X021(1.1),A,0610,2012,2375,,,,,,0
LU1:DF_X021(1.1),A,0610,2013,2431,,,,,,0
LU1:DF_X021(1.1),A,0610,2014,2462,,,,,,0
LU1:DF_X021(1.1),A,0610,2015,2520,,,,,,0
LU1:DF_X021(1.1),A,0610,2016,2570,,,,,,0
LU1:DF_X021(1.1),A,0610,2017,2591,,,,,,0
LU1:DF_X021(1.1),A,0610,2018,2594,,,,,,0
LU1:DF_X021(1.1),A,0610,2019,2641,,,,,,0
LU1:DF_X021(1.1),A,0610,2020,2653,,,,,,0
LU1:DF_X021(1.1),A,0610,2021,2687,,,,,,0
LU1:DF_X021(1.1),A,0610,2022,2674,,,,,,0
LU1:DF_X021(1.1),A,0610,2023,2770,,,,,,0
LU1:DF_X021(1.1),A,0610,2024,2796,,,,,,0
LU1:DF_X021(1.1),A,0610,2025,2864,,,,,,0
LU1:DF_X021(1.1),A,0610,2026,2963,,,,,,0
LU1:DF_X021(1.1),A,C12,2010,19232,,,,,,0
LU1:DF_X021(1.1),A,C12,2011,19264,,,,,,0
LU1:DF_X021(1.1),A,C12,2012,19659,,,,,,0
LU1:DF_X021(1.1),A,C12,2013,19845,,,,,,0
LU1:DF_X021(1.1),A,C12,2014,20206,,,,,,0
LU1:DF_X021(1.1),A,C12,2015,20520,,,,,,0
LU1:DF_X021(1.1),A,C12,2016,20983,,,,,,0
LU1:DF_X021(1.1),A,C12,2017,21987,,,,,,0
LU1:DF_X021(1.1),A,C12,2018,22366,,,,,,0
LU1:DF_X021(1.1),A,C12,2019,22806,,,,,,0
LU1:DF_X021(1.1),A,C12,2020,23244,,,,,,0
LU1:DF_X021(1.1),A,C12,2021,23529,,,,,,0
LU1:DF_X021(1.1),A,C12,2022,23717,,,,,,0
LU1:DF_X021(1.1),A,C12,2023,24186,,,,,,0
LU1:DF_X021(1.1),A,C12,2024,24391,,,,,,0
LU1:DF_X021(1.1),A,C12,2025,24608,,,,,,0
LU1:DF_X021(1.1),A,C12,2026,24827,,,,,,0
LU1:DF_X021(1.1),A,1006,2010,3098,,,,,,0
LU1:DF_X021(1.1),A,1006,2011,3141,,,,,,0
LU1:DF_X021(1.1),A,1006,2012,3199,,,,,,0
LU1:DF_X021(1.1),A,1006,2013,3278,,,,,,0
LU1:DF_X021(1.1),A,1006,2014,3321,,,,,,0
LU1:DF_X021(1.1),A,1006,2015,3383,,,,,,0
LU1:DF_X021(1.1),A,1006,2016,3505,,,,,,0
LU1:DF_X021(1.1),A,1006,2017,3596,,,,,,0
LU1:DF_X021(1.1),A,1006,2018,3669,,,,,,0
LU1:DF_X021(1.1),A,1006,2019,3644,,,,,,0
LU1:DF_X021(1.1),A,1006,2020,3613,,,,,,0
LU1:DF_X021(1.1),A,1006,2021,3631,,,,,,0
LU1:DF_X021(1.1),A,1006,2022,3640,,,,,,0
LU1:DF_X021(1.1),A,1006,2023,3704,,,,,,0
LU1:DF_X021(1.1),A,1006,2024,3714,,,,,,0
LU1:DF_X021(1.1),A,1006,2025,3755,,,,,,0
LU1:DF_X021(1.1),A,1006,2026,3795,,,,,,0
LU1:DF_X021(1.1),A,1108,2010,2451,,,,,,0
LU1:DF_X021(1.1),A,1108,2011,2478,,,,,,0
LU1:DF_X021(1.1),A,1108,2012,2524,,,,,,0
LU1:DF_X021(1.1),A,1108,2013,2502,,,,,,0
LU1:DF_X021(1.1),A,1108,2014,2523,,,,,,0
LU1:DF_X021(1.1),A,1108,2015,2654,,,,,,0
LU1:DF_X021(1.1),A,1108,2016,2685,,,,,,0
LU1:DF_X021(1.1),A,1108,2017,2784,,,,,,0
LU1:DF_X021(1.1),A,1108,2018,2836,,,,,,0
LU1:DF_X021(1.1),A,1108,2019,2921,,,,,,0
LU1:DF_X021(1.1),A,1108,2020,2970,,,,,,0
LU1:DF_X021(1.1),A,1108,2021,3054,,,,,,0
LU1:DF_X021(1.1),A,1108,2022,3065,,,,,,0
LU1:DF_X021(1.1),A,1108,2023,3171,,,,,,0
LU1:DF_X021(1.1),A,1108,2024,3200,,,,,,0
LU1:DF_X021(1.1),A,1108,2025,3255,,,,,,0
LU1:DF_X021(1.1),A,1108,2026,3249,,,,,,0
LU1:DF_X021(1.1),A,0302,2010,3483,,,,,,0
LU1:DF_X021(1.1),A,0302,2011,3419,,,,,,0
LU1:DF_X021(1.1),A,0302,2012,3497,,,,,,0
LU1:DF_X021(1.1),A,0302,2013,3517,,,,,,0
LU1:DF_X021(1.1),A,0302,2014,3517,,,,,,0
LU1:DF_X021(1.1),A,0302,2015,3496,,,,,,0
LU1:DF_X021(1.1),A,0302,2016,3511,,,,,,0
LU1:DF_X021(1.1),A,0302,2017,3736,,,,,,0
LU1:DF_X021(1.1),A,0302,2018,3816,,,,,,0
LU1:DF_X021(1.1),A,0302,2019,3865,,,,,,0
LU1:DF_X021(1.1),A,0302,2020,3939,,,,,,0
LU1:DF_X021(1.1),A,0302,2021,3968,,,,,,0
LU1:DF_X021(1.1),A,0302,2022,4177,,,,,,0
LU1:DF_X021(1.1),A,0302,2023,4374,,,,,,0
LU1:DF_X021(1.1),A,0302,2024,4513,,,,,,0
LU1:DF_X021(1.1),A,0302,2025,4716,,,,,,0
LU1:DF_X021(1.1),A,0302,2026,5006,,,,,,0
LU1:DF_X021(1.1),A,0305,2010,5435,,,,,,0
LU1:DF_X021(1.1),A,0305,2011,5424,,,,,,0
LU1:DF_X021(1.1),A,0305,2012,5475,,,,,,0
LU1:DF_X021(1.1),A,0305,2013,5552,,,,,,0
LU1:DF_X021(1.1),A,0305,2014,5663,,,,,,0
LU1:DF_X021(1.1),A,0305,2015,5737,,,,,,0
LU1:DF_X021(1.1),A,0305,2016,5866,,,,,,0
LU1:DF_X021(1.1),A,0305,2017,6090,,,,,,0
LU1:DF_X021(1.1),A,0305,2018,6156,,,,,,0
LU1:DF_X021(1.1),A,0305,2019,6222,,,,,,0
LU1:DF_X021(1.1),A,0305,2020,6312,,,,,,0
LU1:DF_X021(1.1),A,0305,2021,6349,,,,,,0
LU1:DF_X021(1.1),A,0305,2022,6449,,,,,,0
LU1:DF_X021(1.1),A,0305,2023,6660,,,,,,0
LU1:DF_X021(1.1),A,0305,2024,6837,,,,,,0
LU1:DF_X021(1.1),A,0305,2025,6990,,,,,,0
LU1:DF_X021(1.1),A,0305,2026,7161,,,,,,0
LU1:DF_X021(1.1),A,0401,2010,1948,,,,,,0
LU1:DF_X021(1.1),A,0401,2011,1919,,,,,,0
LU1:DF_X021(1.1),A,0401,2012,1991,,,,,,0
LU1:DF_X021(1.1),A,0401,2013,2006,,,,,,0
LU1:DF_X021(1.1),A,0401,2014,2065,,,,,,0
LU1:DF_X021(1.1),A,0401,2015,2108,,,,,,0
LU1:DF_X021(1.1),A,0401,2016,2115,,,,,,0
LU1:DF_X021(1.1),A,0401,2017,2175,,,,,,0
LU1:DF_X021(1.1),A,0401,2018,2218,,,,,,0
LU1:DF_X021(1.1),A,0401,2019,2187,,,,,,0
LU1:DF_X021(1.1),A,0401,2020,2192,,,,,,0
LU1:DF_X021(1.1),A,0401,2021,2238,,,,,,0
LU1:DF_X021(1.1),A,0401,2022,2269,,,,,,0
LU1:DF_X021(1.1),A,0401,2023,2336,,,,,,0
LU1:DF_X021(1.1),A,0401,2024,2429,,,,,,0
LU1:DF_X021(1.1),A,0401,2025,2480,,,,,,0
LU1:DF_X021(1.1),A,0401,2026,2471,,,,,,0
LU1:DF_X021(1.1),A,1002,2010,1034,,,,,,0
LU1:DF_X021(1.1),A,1002,2011,1078,,,,,,0
LU1:DF_X021(1.1),A,1002,2012,1130,,,,,,0
LU1:DF_X021(1.1),A,1002,2013,1160,,,,,,0
LU1:DF_X021(1.1),A,1002,2014,1187,,,,,,0
LU1:DF_X021(1.1),A,1002,2015,1260,,,,,,0
LU1:DF_X021(1.1),A,1002,2016,1231,,,,,,0
LU1:DF_X021(1.1),A,1002,2017,1287,,,,,,0
LU1:DF_X021(1.1),A,1002,2018,1265,,,,,,0
LU1:DF_X021(1.1),A,1002,2019,1259,,,,,,0
LU1:DF_X021(1.1),A,1002,2020,1273,,,,,,0
LU1:DF_X021(1.1),A,1002,2021,1305,,,,,,0
LU1:DF_X021(1.1),A,1002,2022,1330,,,,,,0
LU1:DF_X021(1.1),A,1002,2023,1357,,,,,,0
LU1:DF_X021(1.1),A,1002,2024,1337,,,,,,0
LU1:DF_X021(1.1),A,1002,2025,1379,,,,,,0
LU1:DF_X021(1.1),A,1002,2026,1370,,,,,,0
LU1:DF_X021(1.1),A,1103,2010,1725,,,,,,0
LU1:DF_X021(1.1),A,1103,2011,1769,,,,,,0
LU1:DF_X021(1.1),A,1103,2012,1814,,,,,,0
LU1:DF_X021(1.1),A,1103,2013,1838,,,,,,0
LU1:DF_X021(1.1),A,1103,2014,1890,,,,,,0
LU1:DF_X021(1.1),A,1103,2015,1890,,,,,,0
LU1:DF_X021(1.1),A,1103,2016,1978,,,,,,0
LU1:DF_X021(1.1),A,1103,2017,2060,,,,,,0
LU1:DF_X021(1.1),A,1103,2018,2109,,,,,,0
LU1:DF_X021(1.1),A,1103,2019,2145,,,,,,0
LU1:DF_X021(1.1),A,1103,2020,2148,,,,,,0
LU1:DF_X021(1.1),A,1103,2021,2158,,,,,,0
LU1:DF_X021(1.1),A,1103,2022,2154,,,,,,0
LU1:DF_X021(1.1),A,1103,2023,2193,,,,,,0
LU1:DF_X021(1.1),A,1103,2024,2199,,,,,,0
LU1:DF_X021(1.1),A,1103,2025,2281,,,,,,0
LU1:DF_X021(1.1),A,1103,2026,2268,,,,,,0
LU1:DF_X021(1.1),A,0105,2010,4931,,,,,,0
LU1:DF_X021(1.1),A,0105,2011,5048,,,,,,0
LU1:DF_X021(1.1),A,0105,2012,5099,,,,,,0
LU1:DF_X021(1.1),A,0105,2013,5223,,,,,,0
LU1:DF_X021(1.1),A,0105,2014,5338,,,,,,0
LU1:DF_X021(1.1),A,0105,2015,5375,,,,,,0
LU1:DF_X021(1.1),A,0105,2016,5457,,,,,,0
LU1:DF_X021(1.1),A,0105,2017,5903,,,,,,0
LU1:DF_X021(1.1),A,0105,2018,6056,,,,,,0
LU1:DF_X021(1.1),A,0105,2019,6143,,,,,,0
LU1:DF_X021(1.1),A,0105,2020,6232,,,,,,0
LU1:DF_X021(1.1),A,0105,2021,6138,,,,,,0
LU1:DF_X021(1.1),A,0105,2022,6183,,,,,,0
LU1:DF_X021(1.1),A,0105,2023,6391,,,,,,0
LU1:DF_X021(1.1),A,0105,2024,6859,,,,,,0
LU1:DF_X021(1.1),A,0105,2025,7148,,,,,,0
LU1:DF_X021(1.1),A,0105,2026,7449,,,,,,0
LU1:DF_X021(1.1),A,0212,2010,5029,,,,,,0
LU1:DF_X021(1.1),A,0212,2011,5038,,,,,,0
LU1:DF_X021(1.1),A,0212,2012,5114,,,,,,0
LU1:DF_X021(1.1),A,0212,2013,5168,,,,,,0
LU1:DF_X021(1.1),A,0212,2014,5239,,,,,,0
LU1:DF_X021(1.1),A,0212,2015,5338,,,,,,0
LU1:DF_X021(1.1),A,0212,2016,5422,,,,,,0
LU1:DF_X021(1.1),A,0212,2017,5573,,,,,,0
LU1:DF_X021(1.1),A,0212,2018,5545,,,,,,0
LU1:DF_X021(1.1),A,0212,2019,5608,,,,,,0
LU1:DF_X021(1.1),A,0212,2020,5604,,,,,,0
LU1:DF_X021(1.1),A,0212,2021,5613,,,,,,0
LU1:DF_X021(1.1),A,0212,2022,5685,,,,,,0
LU1:DF_X021(1.1),A,0212,2023,5692,,,,,,0
LU1:DF_X021(1.1),A,0212,2024,5775,,,,,,0
LU1:DF_X021(1.1),A,0212,2025,5753,,,,,,0
LU1:DF_X021(1.1),A,0212,2026,5767,,,,,,0
LU1:DF_X021(1.1),A,0307,2010,3534,,,,,,0
LU1:DF_X021(1.1),A,0307,2011,3721,,,,,,0
LU1:DF_X021(1.1),A,0307,2012,3781,,,,,,0
LU1:DF_X021(1.1),A,0307,2013,3826,,,,,,0
LU1:DF_X021(1.1),A,0307,2014,3923,,,,,,0
LU1:DF_X021(1.1),A,0307,2015,4033,,,,,,0
LU1:DF_X021(1.1),A,0307,2016,4147,,,,,,0
LU1:DF_X021(1.1),A,0307,2017,4028,,,,,,0
LU1:DF_X021(1.1),A,0307,2018,4156,,,,,,0
LU1:DF_X021(1.1),A,0307,2019,4166,,,,,,0
LU1:DF_X021(1.1),A,0307,2020,4274,,,,,,0
LU1:DF_X021(1.1),A,0307,2021,4272,,,,,,0
LU1:DF_X021(1.1),A,0307,2022,4318,,,,,,0
LU1:DF_X021(1.1),A,0307,2023,4387,,,,,,0
LU1:DF_X021(1.1),A,0307,2024,4436,,,,,,0
LU1:DF_X021(1.1),A,0307,2025,4466,,,,,,0
LU1:DF_X021(1.1),A,0307,2026,4500,,,,,,0
LU1:DF_X021(1.1),A,0607,2010,1705,,,,,,0
LU1:DF_X021(1.1),A,0607,2011,1746,,,,,,0
LU1:DF_X021(1.1),A,0607,2012,1826,,,,,,0
LU1:DF_X021(1.1),A,0607,2013,1912,,,,,,0
LU1:DF_X021(1.1),A,0607,2014,1952,,,,,,0
LU1:DF_X021(1.1),A,0607,2015,1998,,,,,,0
LU1:DF_X021(1.1),A,0607,2016,2080,,,,,,0
LU1:DF_X021(1.1),A,0607,2017,2115,,,,,,0
LU1:DF_X021(1.1),A,0607,2018,2212,,,,,,0
LU1:DF_X021(1.1),A,0607,2019,2251,,,,,,0
LU1:DF_X021(1.1),A,0607,2020,2293,,,,,,0
LU1:DF_X021(1.1),A,0607,2021,2285,,,,,,0
LU1:DF_X021(1.1),A,0607,2022,2306,,,,,,0
LU1:DF_X021(1.1),A,0607,2023,2370,,,,,,0
LU1:DF_X021(1.1),A,0607,2024,2422,,,,,,0
LU1:DF_X021(1.1),A,0607,2025,2415,,,,,,0
LU1:DF_X021(1.1),A,0607,2026,2435,,,,,,0
LU1:DF_X021(1.1),A,0403,2010,3140,,,,,,0
LU1:DF_X021(1.1),A,0403,2011,3312,,,,,,0
LU1:DF_X021(1.1),A,0403,2012,3397,,,,,,0
LU1:DF_X021(1.1),A,0403,2013,3543,,,,,,0
LU1:DF_X021(1.1),A,0403,2014,3709,,,,,,0
LU1:DF_X021(1.1),A,0403,2015,3776,,,,,,0
LU1:DF_X021(1.1),A,0403,2016,3888,,,,,,0
LU1:DF_X021(1.1),A,0403,2017,4095,,,,,,0
LU1:DF_X021(1.1),A,0403,2018,4177,,,,,,0
LU1:DF_X021(1.1),A,0403,2019,4241,,,,,,0
LU1:DF_X021(1.1),A,0403,2020,4387,,,,,,0
LU1:DF_X021(1.1),A,0403,2021,4538,,,,,,0
LU1:DF_X021(1.1),A,0403,2022,4695,,,,,,0
LU1:DF_X021(1.1),A,0403,2023,4941,,,,,,0
LU1:DF_X021(1.1),A,0403,2024,5115,,,,,,0
LU1:DF_X021(1.1),A,0403,2025,5289,,,,,,0
LU1:DF_X021(1.1),A,0403,2026,5326,,,,,,0
LU1:DF_X021(1.1),A,C08,2010,13623,,,,,,0
LU1:DF_X021(1.1),A,C08,2011,13832,,,,,,0
LU1:DF_X021(1.1),A,C08,2012,14129,,,,,,0
LU1:DF_X021(1.1),A,C08,2013,14618,,,,,,0
LU1:DF_X021(1.1),A,C08,2014,14946,,,,,,0
LU1:DF_X021(1.1),A,C08,2015,15345,,,,,,0
LU1:DF_X021(1.1),A,C08,2016,15680,,,,,,0
LU1:DF_X021(1.1),A,C08,2017,16449,,,,,,0
LU1:DF_X021(1.1),A,C08,2018,16735,,,,,,0
LU1:DF_X021(1.1),A,C08,2019,17148,,,,,,0
LU1:DF_X021(1.1),A,C08,2020,17632,,,,,,0
LU1:DF_X021(1.1),A,C08,2021,18197,,,,,,0
LU1:DF_X021(1.1),A,C08,2022,18648,,,,,,0
LU1:DF_X021(1.1),A,C08,2023,19209,,,,,,0
LU1:DF_X021(1.1),A,C08,2024,19530,,,,,,0
LU1:DF_X021(1.1),A,C08,2025,19944,,,,,,0
LU1:DF_X021(1.1),A,C08,2026,20391,,,,,,0
LU1:DF_X021(1.1),A,0804,2010,1264,,,,,,0
LU1:DF_X021(1.1),A,0804,2011,1297,,,,,,0
LU1:DF_X021(1.1),A,0804,2012,1303,,,,,,0
LU1:DF_X021(1.1),A,0804,2013,1341,,,,,,0
LU1:DF_X021(1.1),A,0804,2014,1404,,,,,,0
LU1:DF_X021(1.1),A,0804,2015,1433,,,,,,0
LU1:DF_X021(1.1),A,0804,2016,1466,,,,,,0
LU1:DF_X021(1.1),A,0804,2017,1543,,,,,,0
LU1:DF_X021(1.1),A,0804,2018,1514,,,,,,0
LU1:DF_X021(1.1),A,0804,2019,1542,,,,,,0
LU1:DF_X021(1.1),A,0804,2020,1568,,,,,,0
LU1:DF_X021(1.1),A,0804,2021,1595,,,,,,0
LU1:DF_X021(1.1),A,0804,2022,1632,,,,,,0
LU1:DF_X021(1.1),A,0804,2023,1664,,,,,,0
LU1:DF_X021(1.1),A,0804,2024,1663,,,,,,0
LU1:DF_X021(1.1),A,0804,2025,1667,,,,,,0
LU1:DF_X021(1.1),A,0804,2026,1682,,,,,,0
LU1:DF_X021(1.1),A,1205,2010,3217,,,,,,0
LU1:DF_X021(1.1),A,1205,2011,3332,,,,,,0
LU1:DF_X021(1.1),A,1205,2012,3421,,,,,,0
LU1:DF_X021(1.1),A,1205,2013,3442,,,,,,0
LU1:DF_X021(1.1),A,1205,2014,3443,,,,,,0
LU1:DF_X021(1.1),A,1205,2015,3476,,,,,,0
LU1:DF_X021(1.1),A,1205,2016,3482,,,,,,0
LU1:DF_X021(1.1),A,1205,2017,3632,,,,,,0
LU1:DF_X021(1.1),A,1205,2018,3645,,,,,,0
LU1:DF_X021(1.1),A,1205,2019,3707,,,,,,0
LU1:DF_X021(1.1),A,1205,2020,3732,,,,,,0
LU1:DF_X021(1.1),A,1205,2021,3787,,,,,,0
LU1:DF_X021(1.1),A,1205,2022,3825,,,,,,0
LU1:DF_X021(1.1),A,1205,2023,4015,,,,,,0
LU1:DF_X021(1.1),A,1205,2024,4101,,,,,,0
LU1:DF_X021(1.1),A,1205,2025,4149,,,,,,0
LU1:DF_X021(1.1),A,1205,2026,4156,,,,,,0
LU1:DF_X021(1.1),A,0801,2010,927,,,,,,0
LU1:DF_X021(1.1),A,0801,2011,970,,,,,,0
LU1:DF_X021(1.1),A,0801,2012,997,,,,,,0
LU1:DF_X021(1.1),A,0801,2013,1022,,,,,,0
LU1:DF_X021(1.1),A,0801,2014,1019,,,,,,0
LU1:DF_X021(1.1),A,0801,2015,1091,,,,,,0
LU1:DF_X021(1.1),A,0801,2016,1122,,,,,,0
LU1:DF_X021(1.1),A,0801,2017,1223,,,,,,0
LU1:DF_X021(1.1),A,0801,2018,1256,,,,,,0
LU1:DF_X021(1.1),A,0801,2019,1307,,,,,,0
LU1:DF_X021(1.1),A,0801,2020,1344,,,,,,0
LU1:DF_X021(1.1),A,0801,2021,1391,,,,,,0
LU1:DF_X021(1.1),A,0801,2022,1441,,,,,,0
LU1:DF_X021(1.1),A,0801,2023,1499,,,,,,0
LU1:DF_X021(1.1),A,0801,2024,1521,,,,,,0
LU1:DF_X021(1.1),A,0801,2025,1572,,,,,,0
LU1:DF_X021(1.1),A,0801,2026,1579,,,,,,0
LU1:DF_X021(1.1),A,0502,2010,3729,,,,,,0
LU1:DF_X021(1.1),A,0502,2011,3782,,,,,,0
LU1:DF_X021(1.1),A,0502,2012,3870,,,,,,0
LU1:DF_X021(1.1),A,0502,2013,3944,,,,,,0
LU1:DF_X021(1.1),A,0502,2014,4008,,,,,,0
LU1:DF_X021(1.1),A,0502,2015,4099,,,,,,0
LU1:DF_X021(1.1),A,0502,2016,4141,,,,,,0
LU1:DF_X021(1.1),A,0502,2017,4227,,,,,,0
LU1:DF_X021(1.1),A,0502,2018,4336,,,,,,0
LU1:DF_X021(1.1),A,0502,2019,4392,,,,,,0
LU1:DF_X021(1.1),A,0502,2020,4503,,,,,,0
LU1:DF_X021(1.1),A,0502,2021,4574,,,,,,0
LU1:DF_X021(1.1),A,0502,2022,4691,,,,,,0
LU1:DF_X021(1.1),A,0502,2023,4804,,,,,,0
LU1:DF_X021(1.1),A,0502,2024,4916,,,,,,0
LU1:DF_X021(1.1),A,0502,2025,5002,,,,,,0
LU1:DF_X021(1.1),A,0502,2026,5038,,,,,,0
LU1:DF_X021(1.1),A,0102,2010,1771,,,,,,0
LU1:DF_X021(1.1),A,0102,2011,1861,,,,,,0
LU1:DF_X021(1.1),A,0102,2012,1895,,,,,,0
LU1:DF_X021(1.1),A,0102,2013,1931,,,,,,0
LU1:DF_X021(1.1),A,0102,2014,1943,,,,,,0
LU1:DF_X021(1.1),A,0102,2015,1991,,,,,,0
LU1:DF_X021(1.1),A,0102,2016,2043,,,,,,0
LU1:DF_X021(1.1),A,0102,2017,2099,,,,,,0
LU1:DF_X021(1.1),A,0102,2018,2129,,,,,,0
LU1:DF_X021(1.1),A,0102,2019,2167,,,,,,0
LU1:DF_X021(1.1),A,0102,2020,2193,,,,,,0
LU1:DF_X021(1.1),A,0102,2021,2221,,,,,,0
LU1:DF_X021(1.1),A,0102,2022,2253,,,,,,0
LU1:DF_X021(1.1),A,0102,2023,2289,,,,,,0
LU1:DF_X021(1.1),A,0102,2024,2308,,,,,,0
LU1:DF_X021(1.1),A,0102,2025,2311,,,,,,0
LU1:DF_X021(1.1),A,0102,2026,2421,,,,,,0
LU1:DF_X021(1.1),A,0301,2010,6389,,,,,,0
LU1:DF_X021(1.1),A,0301,2011,6213,,,,,,0
LU1:DF_X021(1.1),A,0301,2012,6294,,,,,,0
LU1:DF_X021(1.1),A,0301,2013,6435,,,,,,0
LU1:DF_X021(1.1),A,0301,2014,6572,,,,,,0
LU1:DF_X021(1.1),A,0301,2015,6869,,,,,,0
LU1:DF_X021(1.1),A,0301,2016,7387,,,,,,0
LU1:DF_X021(1.1),A,0301,2017,7999,,,,,,0
LU1:DF_X021(1.1),A,0301,2018,8157,,,,,,0
LU1:DF_X021(1.1),A,0301,2019,8282,,,,,,0
LU1:DF_X021(1.1),A,0301,2020,8432,,,,,,0
LU1:DF_X021(1.1),A,0301,2021,8472,,,,,,0
LU1:DF_X021(1.1),A,0301,2022,8530,,,,,,0
LU1:DF_X021(1.1),A,0301,2023,8668,,,,,,0
LU1:DF_X021(1.1),A,0301,2024,8892,,,,,,0
LU1:DF_X021(1.1),A,0301,2025,9097,,,,,,0
LU1:DF_X021(1.1),A,0301,2026,9489,,,,,,0
LU1:DF_X021(1.1),A,0407,2010,2483,,,,,,0
LU1:DF_X021(1.1),A,0407,2011,2605,,,,,,0
LU1:DF_X021(1.1),A,0407,2012,2685,,,,,,0
LU1:DF_X021(1.1),A,0407,2013,2734,,,,,,0
LU1:DF_X021(1.1),A,0407,2014,2770,,,,,,0
LU1:DF_X021(1.1),A,0407,2015,2798,,,,,,0
LU1:DF_X021(1.1),A,0407,2016,2811,,,,,,0
LU1:DF_X021(1.1),A,0407,2017,2902,,,,,,0
LU1:DF_X021(1.1),A,0407,2018,3039,,,,,,0
LU1:DF_X021(1.1),A,0407,2019,3108,,,,,,0
LU1:DF_X021(1.1),A,0407,2020,3155,,,,,,0
LU1:DF_X021(1.1),A,0407,2021,3235,,,,,,0
LU1:DF_X021(1.1),A,0407,2022,3398,,,,,,0
LU1:DF_X021(1.1),A,0407,2023,3436,,,,,,0
LU1:DF_X021(1.1),A,0407,2024,3487,,,,,,0
LU1:DF_X021(1.1),A,0407,2025,3483,,,,,,0
LU1:DF_X021(1.1),A,0407,2026,3484,,,,,,0
LU1:DF_X021(1.1),A,1104,2010,4260,,,,,,0
LU1:DF_X021(1.1),A,1104,2011,4368,,,,,,0
LU1:DF_X021(1.1),A,1104,2012,4440,,,,,,0
LU1:DF_X021(1.1),A,1104,2013,4526,,,,,,0
LU1:DF_X021(1.1),A,1104,2014,4647,,,,,,0
LU1:DF_X021(1.1),A,1104,2015,4751,,,,,,0
LU1:DF_X021(1.1),A,1104,2016,4794,,,,,,0
LU1:DF_X021(1.1),A,1104,2017,4923,,,,,,0
LU1:DF_X021(1.1),A,1104,2018,4921,,,,,,0
LU1:DF_X021(1.1),A,1104,2019,4904,,,,,,0
LU1:DF_X021(1.1),A,1104,2020,4936,,,,,,0
LU1:DF_X021(1.1),A,1104,2021,4981,,,,,,0
LU1:DF_X021(1.1),A,1104,2022,5022,,,,,,0
LU1:DF_X021(1.1),A,1104,2023,5092,,,,,,0
LU1:DF_X021(1.1),A,1104,2024,5193,,,,,,0
LU1:DF_X021(1.1),A,1104,2025,5274,,,,,,0
LU1:DF_X021(1.1),A,1104,2026,5297,,,,,,0
LU1:DF_X021(1.1),A,C04,2010,26213,,,,,,0
LU1:DF_X021(1.1),A,C04,2011,27276,,,,,,0
LU1:DF_X021(1.1),A,C04,2012,27895,,,,,,0
LU1:DF_X021(1.1),A,C04,2013,28542,,,,,,0
LU1:DF_X021(1.1),A,C04,2014,29275,,,,,,0
LU1:DF_X021(1.1),A,C04,2015,29867,,,,,,0
LU1:DF_X021(1.1),A,C04,2016,30382,,,,,,0
LU1:DF_X021(1.1),A,C04,2017,31351,,,,,,0
LU1:DF_X021(1.1),A,C04,2018,32112,,,,,,0
LU1:DF_X021(1.1),A,C04,2019,32725,,,,,,0
LU1:DF_X021(1.1),A,C04,2020,33326,,,,,,0
LU1:DF_X021(1.1),A,C04,2021,34063,,,,,,0
LU1:DF_X021(1.1),A,C04,2022,34721,,,,,,0
LU1:DF_X021(1.1),A,C04,2023,35579,,,,,,0
LU1:DF_X021(1.1),A,C04,2024,36262,,,,,,0
LU1:DF_X021(1.1),A,C04,2025,36736,,,,,,0
LU1:DF_X021(1.1),A,C04,2026,37191,,,,,,0
LU1:DF_X021(1.1),A,0110,2010,4422,,,,,,0
LU1:DF_X021(1.1),A,0110,2011,4356,,,,,,0
LU1:DF_X021(1.1),A,0110,2012,4504,,,,,,0
LU1:DF_X021(1.1),A,0110,2013,4576,,,,,,0
LU1:DF_X021(1.1),A,0110,2014,4700,,,,,,0
LU1:DF_X021(1.1),A,0110,2015,4682,,,,,,0
LU1:DF_X021(1.1),A,0110,2016,4762,,,,,,0
LU1:DF_X021(1.1),A,0110,2017,5081,,,,,,0
LU1:DF_X021(1.1),A,0110,2018,5126,,,,,,0
LU1:DF_X021(1.1),A,0110,2019,5281,,,,,,0
LU1:DF_X021(1.1),A,0110,2020,5459,,,,,,0
LU1:DF_X021(1.1),A,0110,2021,5617,,,,,,0
LU1:DF_X021(1.1),A,0110,2022,5754,,,,,,0
LU1:DF_X021(1.1),A,0110,2023,5871,,,,,,0
LU1:DF_X021(1.1),A,0110,2024,6000,,,,,,0
LU1:DF_X021(1.1),A,0110,2025,6081,,,,,,0
LU1:DF_X021(1.1),A,0110,2026,6154,,,,,,0
LU1:DF_X021(1.1),A,0201,2010,9818,,,,,,0
LU1:DF_X021(1.1),A,0201,2011,9790,,,,,,0
LU1:DF_X021(1.1),A,0201,2012,9772,,,,,,0
LU1:DF_X021(1.1),A,0201,2013,9952,,,,,,0
LU1:DF_X021(1.1),A,0201,2014,10038,,,,,,0
LU1:DF_X021(1.1),A,0201,2015,10178,,,,,,0
LU1:DF_X021(1.1),A,0201,2016,10400,,,,,,0
LU1:DF_X021(1.1),A,0201,2017,10736,,,,,,0
LU1:DF_X021(1.1),A,0201,2018,11003,,,,,,0
LU1:DF_X021(1.1),A,0201,2019,11197,,,,,,0
LU1:DF_X021(1.1),A,0201,2020,11319,,,,,,0
LU1:DF_X021(1.1),A,0201,2021,11374,,,,,,0
LU1:DF_X021(1.1),A,0201,2022,11405,,,,,,0
LU1:DF_X021(1.1),A,0201,2023,11422,,,,,,0
LU1:DF_X021(1.1),A,0201,2024,11521,,,,,,0
LU1:DF_X021(1.1),A,0201,2025,11628,,,,,,0
LU1:DF_X021(1.1),A,0201,2026,11651,,,,,,0
LU1:DF_X021(1.1),A,0207,2010,2108,,,,,,0
LU1:DF_X021(1.1),A,0207,2011,2148,,,,,,0
LU1:DF_X021(1.1),A,0207,2012,2170,,,,,,0
LU1:DF_X021(1.1),A,0207,2013,2241,,,,,,0
LU1:DF_X021(1.1),A,0207,2014,2305,,,,,,0
LU1:DF_X021(1.1),A,0207,2015,2400,,,,,,0
LU1:DF_X021(1.1),A,0207,2016,2445,,,,,,0
LU1:DF_X021(1.1),A,0207,2017,2596,,,,,,0
LU1:DF_X021(1.1),A,0207,2018,2579,,,,,,0
LU1:DF_X021(1.1),A,0207,2019,2668,,,,,,0
LU1:DF_X021(1.1),A,0207,2020,2702,,,,,,0
LU1:DF_X021(1.1),A,0207,2021,2704,,,,,,0
LU1:DF_X021(1.1),A,0207,2022,2710,,,,,,0
LU1:DF_X021(1.1),A,0207,2023,2766,,,,,,0
LU1:DF_X021(1.1),A,0207,2024,2780,,,,,,0
LU1:DF_X021(1.1),A,0207,2025,2788,,,,,,0
LU1:DF_X021(1.1),A,0207,2026,2765,,,,,,0
LU1:DF_X021(1.1),A,0208,2010,6209,,,,,,0
LU1:DF_X021(1.1),A,0208,2011,6228,,,,,,0
LU1:DF_X021(1.1),A,0208,2012,6286,,,,,,0
LU1:DF_X021(1.1),A,0208,2013,6280,,,,,,0
LU1:DF_X021(1.1),A,0208,2014,6351,,,,,,0
LU1:DF_X021(1.1),A,0208,2015,6420,,,,,,0
LU1:DF_X021(1.1),A,0208,2016,6510,,,,,,0
LU1:DF_X021(1.1),A,0208,2017,6708,,,,,,0
LU1:DF_X021(1.1),A,0208,2018,6936,,,,,,0
LU1:DF_X021(1.1),A,0208,2019,6959,,,,,,0
LU1:DF_X021(1.1),A,0208,2020,7007,,,,,,0
LU1:DF_X021(1.1),A,0208,2021,6982,,,,,,0
LU1:DF_X021(1.1),A,0208,2022,6964,,,,,,0
LU1:DF_X021(1.1),A,0208,2023,7119,,,,,,0
LU1:DF_X021(1.1),A,0208,2024,7274,,,,,,0
LU1:DF_X021(1.1),A,0208,2025,7292,,,,,,0
LU1:DF_X021(1.1),A,0208,2026,7312,,,,,,0
LU1:DF_X021(1.1),A,0209,2010,15582,,,,,,0
LU1:DF_X021(1.1),A,0209,2011,16085,,,,,,0
LU1:DF_X021(1.1),A,0209,2012,16438,,,,,,0
LU1:DF_X021(1.1),A,0209,2013,16762,,,,,,0
LU1:DF_X021(1.1),A,0209,2014,17265,,,,,,0
LU1:DF_X021(1.1),A,0209,2015,17582,,,,,,0
LU1:DF_X021(1.1),A,0209,2016,17973,,,,,,0
LU1:DF_X021(1.1),A,0209,2017,18238,,,,,,0
LU1:DF_X021(1.1),A,0209,2018,18688,,,,,,0
LU1:DF_X021(1.1),A,0209,2019,19154,,,,,,0
LU1:DF_X021(1.1),A,0209,2020,19574,,,,,,0
LU1:DF_X021(1.1),A,0209,2021,20084,,,,,,0
LU1:DF_X021(1.1),A,0209,2022,20408,,,,,,0
LU1:DF_X021(1.1),A,0209,2023,20563,,,,,,0
LU1:DF_X021(1.1),A,0209,2024,20903,,,,,,0
LU1:DF_X021(1.1),A,0209,2025,21086,,,,,,0
LU1:DF_X021(1.1),A,0209,2026,21290,,,,,,0
LU1:DF_X021(1.1),A,0409,2010,7655,,,,,,0
LU1:DF_X021(1.1),A,0409,2011,7973,,,,,,0
LU1:DF_X021(1.1),A,0409,2012,8216,,,,,,0
LU1:DF_X021(1.1),A,0409,2013,8467,,,,,,0
LU1:DF_X021(1.1),A,0409,2014,8639,,,,,,0
LU1:DF_X021(1.1),A,0409,2015,8841,,,,,,0
LU1:DF_X021(1.1),A,0409,2016,9046,,,,,,0
LU1:DF_X021(1.1),A,0409,2017,9195,,,,,,0
LU1:DF_X021(1.1),A,0409,2018,9440,,,,,,0
LU1:DF_X021(1.1),A,0409,2019,9643,,,,,,0
LU1:DF_X021(1.1),A,0409,2020,9816,,,,,,0
LU1:DF_X021(1.1),A,0409,2021,10018,,,,,,0
LU1:DF_X021(1.1),A,0409,2022,10167,,,,,,0
LU1:DF_X021(1.1),A,0409,2023,10393,,,,,,0
LU1:DF_X021(1.1),A,0409,2024,10519,,,,,,0
LU1:DF_X021(1.1),A,0409,2025,10654,,,,,,0
LU1:DF_X021(1.1),A,0409,2026,10888,,,,,,0
LU1:DF_X021(1.1),A,0808,2010,1116,,,,,,0
LU1:DF_X021(1.1),A,0808,2011,1064,,,,,,0
LU1:DF_X021(1.1),A,0808,2012,1067,,,,,,0
LU1:DF_X021(1.1),A,0808,2013,1073,,,,,,0
LU1:DF_X021(1.1),A,0808,2014,1107,,,,,,0
LU1:DF_X021(1.1),A,0808,2015,1140,,,,,,0
LU1:DF_X021(1.1),A,0808,2016,1162,,,,,,0
LU1:DF_X021(1.1),A,0808,2017,1285,,,,,,0
LU1:DF_X021(1.1),A,0808,2018,1344,,,,,,0
LU1:DF_X021(1.1),A,0808,2019,1365,,,,,,0
LU1:DF_X021(1.1),A,0808,2020,1365,,,,,,0
LU1:DF_X021(1.1),A,0808,2021,1403,,,,,,0
LU1:DF_X021(1.1),A,0808,2022,1439,,,,,,0
LU1:DF_X021(1.1),A,0808,2023,1455,,,,,,0
LU1:DF_X021(1.1),A,0808,2024,1515,,,,,,0
LU1:DF_X021(1.1),A,0808,2025,1534,,,,,,0
LU1:DF_X021(1.1),A,0808,2026,1590,,,,,,0
LU1:DF_X021(1.1),A,1105,2010,6341,,,,,,0
LU1:DF_X021(1.1),A,1105,2011,6482,,,,,,0
LU1:DF_X021(1.1),A,1105,2012,6547,,,,,,0
LU1:DF_X021(1.1),A,1105,2013,6630,,,,,,0
LU1:DF_X021(1.1),A,1105,2014,6782,,,,,,0
LU1:DF_X021(1.1),A,1105,2015,7094,,,,,,0
LU1:DF_X021(1.1),A,1105,2016,7261,,,,,,0
LU1:DF_X021(1.1),A,1105,2017,7537,,,,,,0
LU1:DF_X021(1.1),A,1105,2018,7613,,,,,,0
LU1:DF_X021(1.1),A,1105,2019,7802,,,,,,0
LU1:DF_X021(1.1),A,1105,2020,8090,,,,,,0
LU1:DF_X021(1.1),A,1105,2021,8233,,,,,,0
LU1:DF_X021(1.1),A,1105,2022,8470,,,,,,0
LU1:DF_X021(1.1),A,1105,2023,8622,,,,,,0
LU1:DF_X021(1.1),A,1105,2024,8800,,,,,,0
LU1:DF_X021(1.1),A,1105,2025,9031,,,,,,0
LU1:DF_X021(1.1),A,1105,2026,9139,,,,,,0
LU1:DF_X021(1.1),A,T,2010,502066,,,LU,,,0
LU1:DF_X021(1.1),A,T,2011,512353,,,LU,,,0
LU1:DF_X021(1.1),A,T,2012,524853,,,LU,,,0
LU1:DF_X021(1.1),A,T,2013,537039,,,LU,,,0
LU1:DF_X021(1.1),A,T,2014,549680,,,LU,,,0
LU1:DF_X021(1.1),A,T,2015,562958,,,LU,,,0
LU1:DF_X021(1.1),A,T,2016,576249,,,LU,,,0
LU1:DF_X021(1.1),A,T,2017,590667,,,LU,,,0
LU1:DF_X021(1.1),A,T,2018,602005,,,LU,,,0
LU1:DF_X021(1.1),A,T,2019,613894,,,LU,,,0
LU1:DF_X021(1.1),A,T,2020,626108,,,LU,,,0
LU1:DF_X021(1.1),A,T,2021,634730,,,LU,,,0
LU1:DF_X021(1.1),A,T,2022,645397,,,LU,,,0
LU1:DF_X021(1.1),A,T,2023,660809,,,LU,,,0
LU1:DF_X021(1.1),A,T,2024,672050,,,LU,,,0
LU1:DF_X021(1.1),A,T,2025,681973,,,LU,,,0
LU1:DF_X021(1.1),A,T,2026,690959,,,LU,,,0
LU1:DF_X021(1.1),A,0103,2010,3801,,,,,,0
LU1:DF_X021(1.1),A,0103,2011,3840,,,,,,0
LU1:DF_X021(1.1),A,0103,2012,3947,,,,,,0
LU1:DF_X021(1.1),A,0103,2013,4061,,,,,,0
LU1:DF_X021(1.1),A,0103,2014,4104,,,,,,0
LU1:DF_X021(1.1),A,0103,2015,4205,,,,,,0
LU1:DF_X021(1.1),A,0103,2016,4247,,,,,,0
LU1:DF_X021(1.1),A,0103,2017,4330,,,,,,0
LU1:DF_X021(1.1),A,0103,2018,4426,,,,,,0
LU1:DF_X021(1.1),A,0103,2019,4528,,,,,,0
LU1:DF_X021(1.1),A,0103,2020,4730,,,,,,0
LU1:DF_X021(1.1),A,0103,2021,4803,,,,,,0
LU1:DF_X021(1.1),A,0103,2022,4946,,,,,,0
LU1:DF_X021(1.1),A,0103,2023,4992,,,,,,0
LU1:DF_X021(1.1),A,0103,2024,5144,,,,,,0
LU1:DF_X021(1.1),A,0103,2025,5260,,,,,,0
LU1:DF_X021(1.1),A,0103,2026,5337,,,,,,0
LU1:DF_X021(1.1),A,0211,2010,5159,,,,,,0
LU1:DF_X021(1.1),A,0211,2011,5302,,,,,,0
LU1:DF_X021(1.1),A,0211,2012,5396,,,,,,0
LU1:DF_X021(1.1),A,0211,2013,5432,,,,,,0
LU1:DF_X021(1.1),A,0211,2014,5502,,,,,,0
LU1:DF_X021(1.1),A,0211,2015,5736,,,,,,0
LU1:DF_X021(1.1),A,0211,2016,5891,,,,,,0
LU1:DF_X021(1.1),A,0211,2017,6125,,,,,,0
LU1:DF_X021(1.1),A,0211,2018,6278,,,,,,0
LU1:DF_X021(1.1),A,0211,2019,6459,,,,,,0
LU1:DF_X021(1.1),A,0211,2020,6551,,,,,,0
LU1:DF_X021(1.1),A,0211,2021,6560,,,,,,0
LU1:DF_X021(1.1),A,0211,2022,6605,,,,,,0
LU1:DF_X021(1.1),A,0211,2023,6657,,,,,,0
LU1:DF_X021(1.1),A,0211,2024,6919,,,,,,0
LU1:DF_X021(1.1),A,0211,2025,7054,,,,,,0
LU1:DF_X021(1.1),A,0211,2026,7184,,,,,,0
LU1:DF_X021(1.1),A,0214,2010,8540,,,,,,0
LU1:DF_X021(1.1),A,0214,2011,8922,,,,,,0
LU1:DF_X021(1.1),A,0214,2012,8949,,,,,,0
LU1:DF_X021(1.1),A,0214,2013,9134,,,,,,0
LU1:DF_X021(1.1),A,0214,2014,9332,,,,,,0
LU1:DF_X021(1.1),A,0214,2015,9689,,,,,,0
LU1:DF_X021(1.1),A,0214,2016,9924,,,,,,0
LU1:DF_X021(1.1),A,0214,2017,10379,,,,,,0
LU1:DF_X021(1.1),A,0214,2018,10750,,,,,,0
LU1:DF_X021(1.1),A,0214,2019,11180,,,,,,0
LU1:DF_X021(1.1),A,0214,2020,11293,,,,,,0
LU1:DF_X021(1.1),A,0214,2021,11291,,,,,,0
LU1:DF_X021(1.1),A,0214,2022,11141,,,,,,0
LU1:DF_X021(1.1),A,0214,2023,11363,,,,,,0
LU1:DF_X021(1.1),A,0214,2024,11517,,,,,,0
LU1:DF_X021(1.1),A,0214,2025,11589,,,,,,0
LU1:DF_X021(1.1),A,0214,2026,11674,,,,,,0
LU1:DF_X021(1.1),A,C02,2010,150647,,,,,,0
LU1:DF_X021(1.1),A,C02,2011,152479,,,,,,0
LU1:DF_X021(1.1),A,C02,2012,154636,,,,,,0
LU1:DF_X021(1.1),A,C02,2013,157757,,,,,,0
LU1:DF_X021(1.1),A,C02,2014,160960,,,,,,0
LU1:DF_X021(1.1),A,C02,2015,164604,,,,,,0
LU1:DF_X021(1.1),A,C02,2016,167955,,,,,,0
LU1:DF_X021(1.1),A,C02,2017,172687,,,,,,0
LU1:DF_X021(1.1),A,C02,2018,176820,,,,,,0
LU1:DF_X021(1.1),A,C02,2019,180275,,,,,,0
LU1:DF_X021(1.1),A,C02,2020,183364,,,,,,0
LU1:DF_X021(1.1),A,C02,2021,185184,,,,,,0
LU1:DF_X021(1.1),A,C02,2022,186468,,,,,,0
LU1:DF_X021(1.1),A,C02,2023,189540,,,,,,0
LU1:DF_X021(1.1),A,C02,2024,192739,,,,,,0
LU1:DF_X021(1.1),A,C02,2025,195091,,,,,,0
LU1:DF_X021(1.1),A,C02,2026,197314,,,,,,0
LU1:DF_X021(1.1),A,0711,2010,,,,,,,0
LU1:DF_X021(1.1),A,0711,2011,1712,,,,,,0
LU1:DF_X021(1.1),A,0711,2012,1743,,,,,,0
LU1:DF_X021(1.1),A,0711,2013,1762,,,,,,0
LU1:DF_X021(1.1),A,0711,2014,1840,,,,,,0
LU1:DF_X021(1.1),A,0711,2015,1897,,,,,,0
LU1:DF_X021(1.1),A,0711,2016,1943,,,,,,0
LU1:DF_X021(1.1),A,0711,2017,1987,,,,,,0
LU1:DF_X021(1.1),A,0711,2018,2059,,,,,,0
LU1:DF_X021(1.1),A,0711,2019,2109,,,,,,0
LU1:DF_X021(1.1),A,0711,2020,2145,,,,,,0
LU1:DF_X021(1.1),A,0711,2021,2148,,,,,,0
LU1:DF_X021(1.1),A,0711,2022,2188,,,,,,0
LU1:DF_X021(1.1),A,0711,2023,2221,,,,,,0
LU1:DF_X021(1.1),A,0711,2024,2285,,,,,,0
LU1:DF_X021(1.1),A,0711,2025,2352,,,,,,0
LU1:DF_X021(1.1),A,0711,2026,2390,,,,,,0
LU1:DF_X021(1.1),A,1203,2010,1654,,,,,,0
LU1:DF_X021(1.1),A,1203,2011,1644,,,,,,0
LU1:DF_X021(1.1),A,1203,2012,1705,,,,,,0
LU1:DF_X021(1.1),A,1203,2013,1739,,,,,,0
LU1:DF_X021(1.1),A,1203,2014,1768,,,,,,0
LU1:DF_X021(1.1),A,1203,2015,1805,,,,,,0
LU1:DF_X021(1.1),A,1203,2016,1800,,,,,,0
LU1:DF_X021(1.1),A,1203,2017,1886,,,,,,0
LU1:DF_X021(1.1),A,1203,2018,1924,,,,,,0
LU1:DF_X021(1.1),A,1203,2019,1941,,,,,,0
LU1:DF_X021(1.1),A,1203,2020,2017,,,,,,0
LU1:DF_X021(1.1),A,1203,2021,2071,,,,,,0
LU1:DF_X021(1.1),A,1203,2022,2050,,,,,,0
LU1:DF_X021(1.1),A,1203,2023,2070,,,,,,0
LU1:DF_X021(1.1),A,1203,2024,2149,,,,,,0
LU1:DF_X021(1.1),A,1203,2025,2145,,,,,,0
LU1:DF_X021(1.1),A,1203,2026,2114,,,,,,0
LU1:DF_X021(1.1),A,0802,2010,2096,,,,,,0
LU1:DF_X021(1.1),A,0802,2011,2201,,,,,,0
LU1:DF_X021(1.1),A,0802,2012,2298,,,,,,0
LU1:DF_X021(1.1),A,0802,2013,2418,,,,,,0
LU1:DF_X021(1.1),A,0802,2014,2435,,,,,,0
LU1:DF_X021(1.1),A,0802,2015,2477,,,,,,0
LU1:DF_X021(1.1),A,0802,2016,2572,,,,,,0
LU1:DF_X021(1.1),A,0802,2017,2640,,,,,,0
LU1:DF_X021(1.1),A,0802,2018,2641,,,,,,0
LU1:DF_X021(1.1),A,0802,2019,2715,,,,,,0
LU1:DF_X021(1.1),A,0802,2020,2855,,,,,,0
LU1:DF_X021(1.1),A,0802,2021,2982,,,,,,0
LU1:DF_X021(1.1),A,0802,2022,3008,,,,,,0
LU1:DF_X021(1.1),A,0802,2023,3129,,,,,,0
LU1:DF_X021(1.1),A,0802,2024,3188,,,,,,0
LU1:DF_X021(1.1),A,0802,2025,3279,,,,,,0
LU1:DF_X021(1.1),A,0802,2026,3373,,,,,,0
LU1:DF_X021(1.1),A,0503,2010,2929,,,,,,0
LU1:DF_X021(1.1),A,0503,2011,2984,,,,,,0
LU1:DF_X021(1.1),A,0503,2012,3083,,,,,,0
LU1:DF_X021(1.1),A,0503,2013,3111,,,,,,0
LU1:DF_X021(1.1),A,0503,2014,3201,,,,,,0
LU1:DF_X021(1.1),A,0503,2015,3297,,,,,,0
LU1:DF_X021(1.1),A,0503,2016,3350,,,,,,0
LU1:DF_X021(1.1),A,0503,2017,3434,,,,,,0
LU1:DF_X021(1.1),A,0503,2018,3495,,,,,,0
LU1:DF_X021(1.1),A,0503,2019,3591,,,,,,0
LU1:DF_X021(1.1),A,0503,2020,3669,,,,,,0
LU1:DF_X021(1.1),A,0503,2021,3732,,,,,,0
LU1:DF_X021(1.1),A,0503,2022,3853,,,,,,0
LU1:DF_X021(1.1),A,0503,2023,4036,,,,,,0
LU1:DF_X021(1.1),A,0503,2024,4141,,,,,,0
LU1:DF_X021(1.1),A,0503,2025,4305,,,,,,0
LU1:DF_X021(1.1),A,0503,2026,4407,,,,,,0
LU1:DF_X021(1.1),A,C09,2010,4362,,,,,,0
LU1:DF_X021(1.1),A,C09,2011,4428,,,,,,0
LU1:DF_X021(1.1),A,C09,2012,4510,,,,,,0
LU1:DF_X021(1.1),A,C09,2013,4621,,,,,,0
LU1:DF_X021(1.1),A,C09,2014,4722,,,,,,0
LU1:DF_X021(1.1),A,C09,2015,4847,,,,,,0
LU1:DF_X021(1.1),A,C09,2016,4951,,,,,,0
LU1:DF_X021(1.1),A,C09,2017,5162,,,,,,0
LU1:DF_X021(1.1),A,C09,2018,5163,,,,,,0
LU1:DF_X021(1.1),A,C09,2019,5288,,,,,,0
LU1:DF_X021(1.1),A,C09,2020,5510,,,,,,0
LU1:DF_X021(1.1),A,C09,2021,5482,,,,,,0
LU1:DF_X021(1.1),A,C09,2022,5516,,,,,,0
LU1:DF_X021(1.1),A,C09,2023,5594,,,,,,0
LU1:DF_X021(1.1),A,C09,2024,5680,,,,,,0
LU1:DF_X021(1.1),A,C09,2025,5744,,,,,,0
LU1:DF_X021(1.1),A,C09,2026,5808,,,,,,0
LU1:DF_X021(1.1),A,0203,2010,18507,,,,,,0
LU1:DF_X021(1.1),A,0203,2011,18781,,,,,,0
LU1:DF_X021(1.1),A,0203,2012,18837,,,,,,0
LU1:DF_X021(1.1),A,0203,2013,19292,,,,,,0
LU1:DF_X021(1.1),A,0203,2014,19421,,,,,,0
LU1:DF_X021(1.1),A,0203,2015,19734,,,,,,0
LU1:DF_X021(1.1),A,0203,2016,20003,,,,,,0
LU1:DF_X021(1.1),A,0203,2017,20480,,,,,,0
LU1:DF_X021(1.1),A,0203,2018,20869,,,,,,0
LU1:DF_X021(1.1),A,0203,2019,21087,,,,,,0
LU1:DF_X021(1.1),A,0203,2020,21291,,,,,,0
LU1:DF_X021(1.1),A,0203,2021,21513,,,,,,0
LU1:DF_X021(1.1),A,0203,2022,21583,,,,,,0
LU1:DF_X021(1.1),A,0203,2023,21953,,,,,,0
LU1:DF_X021(1.1),A,0203,2024,22043,,,,,,0
LU1:DF_X021(1.1),A,0203,2025,22203,,,,,,0
LU1:DF_X021(1.1),A,0203,2026,22379,,,,,,0
LU1:DF_X021(1.1),A,0213,2010,14421,,,,,,0
LU1:DF_X021(1.1),A,0213,2011,14470,,,,,,0
LU1:DF_X021(1.1),A,0213,2012,14619,,,,,,0
LU1:DF_X021(1.1),A,0213,2013,14832,,,,,,0
LU1:DF_X021(1.1),A,0213,2014,15047,,,,,,0
LU1:DF_X021(1.1),A,0213,2015,15415,,,,,,0
LU1:DF_X021(1.1),A,0213,2016,15748,,,,,,0
LU1:DF_X021(1.1),A,0213,2017,16136,,,,,,0
LU1:DF_X021(1.1),A,0213,2018,16780,,,,,,0
LU1:DF_X021(1.1),A,0213,2019,17277,,,,,,0
LU1:DF_X021(1.1),A,0213,2020,17550,,,,,,0
LU1:DF_X021(1.1),A,0213,2021,17895,,,,,,0
LU1:DF_X021(1.1),A,0213,2022,17949,,,,,,0
LU1:DF_X021(1.1),A,0213,2023,18333,,,,,,0
LU1:DF_X021(1.1),A,0213,2024,18532,,,,,,0
LU1:DF_X021(1.1),A,0213,2025,19085,,,,,,0
LU1:DF_X021(1.1),A,0213,2026,19611,,,,,,0
LU1:DF_X021(1.1),A,0309,2010,7218,,,,,,0
LU1:DF_X021(1.1),A,0309,2011,7399,,,,,,0
LU1:DF_X021(1.1),A,0309,2012,7554,,,,,,0
LU1:DF_X021(1.1),A,0309,2013,7699,,,,,,0
LU1:DF_X021(1.1),A,0309,2014,7941,,,,,,0
LU1:DF_X021(1.1),A,0309,2015,8026,,,,,,0
LU1:DF_X021(1.1),A,0309,2016,8497,,,,,,0
LU1:DF_X021(1.1),A,0309,2017,8828,,,,,,0
LU1:DF_X021(1.1),A,0309,2018,9232,,,,,,0
LU1:DF_X021(1.1),A,0309,2019,9589,,,,,,0
LU1:DF_X021(1.1),A,0309,2020,9888,,,,,,0
LU1:DF_X021(1.1),A,0309,2021,10249,,,,,,0
LU1:DF_X021(1.1),A,0309,2022,10320,,,,,,0
LU1:DF_X021(1.1),A,0309,2023,10538,,,,,,0
LU1:DF_X021(1.1),A,0309,2024,10594,,,,,,0
LU1:DF_X021(1.1),A,0309,2025,10637,,,,,,0
LU1:DF_X021(1.1),A,0309,2026,10831,,,,,,0
LU1:DF_X021(1.1),A,1003,2010,1600,,,,,,0
LU1:DF_X021(1.1),A,1003,2011,1696,,,,,,0
LU1:DF_X021(1.1),A,1003,2012,1866,,,,,,0
LU1:DF_X021(1.1),A,1003,2013,1882,,,,,,0
LU1:DF_X021(1.1),A,1003,2014,1853,,,,,,0
LU1:DF_X021(1.1),A,1003,2015,1826,,,,,,0
LU1:DF_X021(1.1),A,1003,2016,1931,,,,,,0
LU1:DF_X021(1.1),A,1003,2017,1870,,,,,,0
LU1:DF_X021(1.1),A,1003,2018,1747,,,,,,0
LU1:DF_X021(1.1),A,1003,2019,1794,,,,,,0
LU1:DF_X021(1.1),A,1003,2020,1868,,,,,,0
LU1:DF_X021(1.1),A,1003,2021,1951,,,,,,0
LU1:DF_X021(1.1),A,1003,2022,1984,,,,,,0
LU1:DF_X021(1.1),A,1003,2023,2219,,,,,,0
LU1:DF_X021(1.1),A,1003,2024,2244,,,,,,0
LU1:DF_X021(1.1),A,1003,2025,2235,,,,,,0
LU1:DF_X021(1.1),A,1003,2026,2293,,,,,,0
LU1:DF_X021(1.1),A,C06,2010,28191,,,,,,0
LU1:DF_X021(1.1),A,C06,2011,28489,,,,,,0
LU1:DF_X021(1.1),A,C06,2012,29132,,,,,,0
LU1:DF_X021(1.1),A,C06,2013,29755,,,,,,0
LU1:DF_X021(1.1),A,C06,2014,30460,,,,,,0
LU1:DF_X021(1.1),A,C06,2015,31024,,,,,,0
LU1:DF_X021(1.1),A,C06,2016,31819,,,,,,0
LU1:DF_X021(1.1),A,C06,2017,32244,,,,,,0
LU1:DF_X021(1.1),A,C06,2018,32543,,,,,,0
LU1:DF_X021(1.1),A,C06,2019,33216,,,,,,0
LU1:DF_X021(1.1),A,C06,2020,33782,,,,,,0
LU1:DF_X021(1.1),A,C06,2021,33944,,,,,,0
LU1:DF_X021(1.1),A,C06,2022,34309,,,,,,0
LU1:DF_X021(1.1),A,C06,2023,35150,,,,,,0
LU1:DF_X021(1.1),A,C06,2024,35764,,,,,,0
LU1:DF_X021(1.1),A,C06,2025,36240,,,,,,0
LU1:DF_X021(1.1),A,C06,2026,36530,,,,,,0
LU1:DF_X021(1.1),A,0104,2010,9474,,,,,,0
LU1:DF_X021(1.1),A,0104,2011,9671,,,,,,0
LU1:DF_X021(1.1),A,0104,2012,9722,,,,,,0
LU1:DF_X021(1.1),A,0104,2013,9799,,,,,,0
LU1:DF_X021(1.1),A,0104,2014,9875,,,,,,0
LU1:DF_X021(1.1),A,0104,2015,9979,,,,,,0
LU1:DF_X021(1.1),A,0104,2016,10033,,,,,,0
LU1:DF_X021(1.1),A,0104,2017,10232,,,,,,0
LU1:DF_X021(1.1),A,0104,2018,10294,,,,,,0
LU1:DF_X021(1.1),A,0104,2019,10409,,,,,,0
LU1:DF_X021(1.1),A,0104,2020,10464,,,,,,0
LU1:DF_X021(1.1),A,0104,2021,10517,,,,,,0
LU1:DF_X021(1.1),A,0104,2022,10775,,,,,,0
LU1:DF_X021(1.1),A,0104,2023,11015,,,,,,0
LU1:DF_X021(1.1),A,0104,2024,11159,,,,,,0
LU1:DF_X021(1.1),A,0104,2025,11269,,,,,,0
LU1:DF_X021(1.1),A,0104,2026,11343,,,,,,0
LU1:DF_X021(1.1),A,0202,2010,21530,,,,,,0
LU1:DF_X021(1.1),A,0202,2011,21935,,,,,,0
LU1:DF_X021(1.1),A,0202,2012,22345,,,,,,0
LU1:DF_X021(1.1),A,0202,2013,22769,,,,,,0
LU1:DF_X021(1.1),A,0202,2014,23571,,,,,,0
LU1:DF_X021(1.1),A,0202,2015,24304,,,,,,0
LU1:DF_X021(1.1),A,0202,2016,24805,,,,,,0
LU1:DF_X021(1.1),A,0202,2017,25402,,,,,,0
LU1:DF_X021(1.1),A,0202,2018,26193,,,,,,0
LU1:DF_X021(1.1),A,0202,2019,26796,,,,,,0
LU1:DF_X021(1.1),A,0202,2020,27409,,,,,,0
LU1:DF_X021(1.1),A,0202,2021,27869,,,,,,0
LU1:DF_X021(1.1),A,0202,2022,28641,,,,,,0
LU1:DF_X021(1.1),A,0202,2023,29536,,,,,,0
LU1:DF_X021(1.1),A,0202,2024,30364,,,,,,0
LU1:DF_X021(1.1),A,0202,2025,30789,,,,,,0
LU1:DF_X021(1.1),A,0202,2026,31421,,,,,,0
LU1:DF_X021(1.1),A,0306,2010,3150,,,,,,0
LU1:DF_X021(1.1),A,0306,2011,3137,,,,,,0
LU1:DF_X021(1.1),A,0306,2012,3219,,,,,,0
LU1:DF_X021(1.1),A,0306,2013,3306,,,,,,0
LU1:DF_X021(1.1),A,0306,2014,3405,,,,,,0
LU1:DF_X021(1.1),A,0306,2015,3478,,,,,,0
LU1:DF_X021(1.1),A,0306,2016,3450,,,,,,0
LU1:DF_X021(1.1),A,0306,2017,3592,,,,,,0
LU1:DF_X021(1.1),A,0306,2018,3642,,,,,,0
LU1:DF_X021(1.1),A,0306,2019,3676,,,,,,0
LU1:DF_X021(1.1),A,0306,2020,3698,,,,,,0
LU1:DF_X021(1.1),A,0306,2021,3659,,,,,,0
LU1:DF_X021(1.1),A,0306,2022,3712,,,,,,0
LU1:DF_X021(1.1),A,0306,2023,3751,,,,,,0
LU1:DF_X021(1.1),A,0306,2024,3797,,,,,,0
LU1:DF_X021(1.1),A,0306,2025,3874,,,,,,0
LU1:DF_X021(1.1),A,0306,2026,3872,,,,,,0
LU1:DF_X021(1.1),A,0410,2010,1142,,,,,,0
LU1:DF_X021(1.1),A,0410,2011,1178,,,,,,0
LU1:DF_X021(1.1),A,0410,2012,1202,,,,,,0
LU1:DF_X021(1.1),A,0410,2013,1218,,,,,,0
LU1:DF_X021(1.1),A,0410,2014,1251,,,,,,0
LU1:DF_X021(1.1),A,0410,2015,1313,,,,,,0
LU1:DF_X021(1.1),A,0410,2016,1331,,,,,,0
LU1:DF_X021(1.1),A,0410,2017,1393,,,,,,0
LU1:DF_X021(1.1),A,0410,2018,1381,,,,,,0
LU1:DF_X021(1.1),A,0410,2019,1421,,,,,,0
LU1:DF_X021(1.1),A,0410,2020,1401,,,,,,0
LU1:DF_X021(1.1),A,0410,2021,1439,,,,,,0
LU1:DF_X021(1.1),A,0410,2022,1448,,,,,,0
LU1:DF_X021(1.1),A,0410,2023,1437,,,,,,0
LU1:DF_X021(1.1),A,0410,2024,1484,,,,,,0
LU1:DF_X021(1.1),A,0410,2025,1509,,,,,,0
LU1:DF_X021(1.1),A,0410,2026,1516,,,,,,0
LU1:DF_X021(1.1),A,0605,2010,7700,,,,,,0
LU1:DF_X021(1.1),A,0605,2011,7831,,,,,,0
LU1:DF_X021(1.1),A,0605,2012,8013,,,,,,0
LU1:DF_X021(1.1),A,0605,2013,8095,,,,,,0
LU1:DF_X021(1.1),A,0605,2014,8278,,,,,,0
LU1:DF_X021(1.1),A,0605,2015,8347,,,,,,0
LU1:DF_X021(1.1),A,0605,2016,8541,,,,,,0
LU1:DF_X021(1.1),A,0605,2017,8833,,,,,,0
LU1:DF_X021(1.1),A,0605,2018,8735,,,,,,0
LU1:DF_X021(1.1),A,0605,2019,8926,,,,,,0
LU1:DF_X021(1.1),A,0605,2020,9148,,,,,,0
LU1:DF_X021(1.1),A,0605,2021,9246,,,,,,0
LU1:DF_X021(1.1),A,0605,2022,9362,,,,,,0
LU1:DF_X021(1.1),A,0605,2023,9688,,,,,,0
LU1:DF_X021(1.1),A,0605,2024,9965,,,,,,0
LU1:DF_X021(1.1),A,0605,2025,10149,,,,,,0
LU1:DF_X021(1.1),A,0605,2026,10212,,,,,,0
LU1:DF_X021(1.1),A,0707,2010,697,,,,,,0
LU1:DF_X021(1.1),A,0707,2011,673,,,,,,0
LU1:DF_X021(1.1),A,0707,2012,677,,,,,,0
LU1:DF_X021(1.1),A,0707,2013,714,,,,,,0
LU1:DF_X021(1.1),A,0707,2014,697,,,,,,0
LU1:DF_X021(1.1),A,0707,2015,710,,,,,,0
LU1:DF_X021(1.1),A,0707,2016,723,,,,,,0
LU1:DF_X021(1.1),A,0707,2017,780,,,,,,0
LU1:DF_X021(1.1),A,0707,2018,790,,,,,,0
LU1:DF_X021(1.1),A,0707,2019,844,,,,,,0
LU1:DF_X021(1.1),A,0707,2020,857,,,,,,0
LU1:DF_X021(1.1),A,0707,2021,874,,,,,,0
LU1:DF_X021(1.1),A,0707,2022,958,,,,,,0
LU1:DF_X021(1.1),A,0707,2023,983,,,,,,0
LU1:DF_X021(1.1),A,0707,2024,980,,,,,,0
LU1:DF_X021(1.1),A,0707,2025,1025,,,,,,0
LU1:DF_X021(1.1),A,0707,2026,1081,,,,,,0
LU1:DF_X021(1.1),A,1004,2010,1803,,,,,,0
LU1:DF_X021(1.1),A,1004,2011,1823,,,,,,0
LU1:DF_X021(1.1),A,1004,2012,1814,,,,,,0
LU1:DF_X021(1.1),A,1004,2013,1827,,,,,,0
LU1:DF_X021(1.1),A,1004,2014,1845,,,,,,0
LU1:DF_X021(1.1),A,1004,2015,1883,,,,,,0
LU1:DF_X021(1.1),A,1004,2016,1902,,,,,,0
LU1:DF_X021(1.1),A,1004,2017,1953,,,,,,0
LU1:DF_X021(1.1),A,1004,2018,2005,,,,,,0
LU1:DF_X021(1.1),A,1004,2019,2024,,,,,,0
LU1:DF_X021(1.1),A,1004,2020,2101,,,,,,0
LU1:DF_X021(1.1),A,1004,2021,2123,,,,,,0
LU1:DF_X021(1.1),A,1004,2022,2116,,,,,,0
LU1:DF_X021(1.1),A,1004,2023,2117,,,,,,0
LU1:DF_X021(1.1),A,1004,2024,2127,,,,,,0
LU1:DF_X021(1.1),A,1004,2025,2108,,,,,,0
LU1:DF_X021(1.1),A,1004,2026,2093,,,,,,0
LU1:DF_X021(1.1),A,0902,2010,958,,,,,,0
LU1:DF_X021(1.1),A,0902,2011,995,,,,,,0
LU1:DF_X021(1.1),A,0902,2012,1010,,,,,,0
LU1:DF_X021(1.1),A,0902,2013,1040,,,,,,0
LU1:DF_X021(1.1),A,0902,2014,1039,,,,,,0
LU1:DF_X021(1.1),A,0902,2015,1070,,,,,,0
LU1:DF_X021(1.1),A,0902,2016,1090,,,,,,0
LU1:DF_X021(1.1),A,0902,2017,1123,,,,,,0
LU1:DF_X021(1.1),A,0902,2018,1100,,,,,,0
LU1:DF_X021(1.1),A,0902,2019,1125,,,,,,0
LU1:DF_X021(1.1),A,0902,2020,1150,,,,,,0
LU1:DF_X021(1.1),A,0902,2021,1107,,,,,,0
LU1:DF_X021(1.1),A,0902,2022,1132,,,,,,0
LU1:DF_X021(1.1),A,0902,2023,1153,,,,,,0
LU1:DF_X021(1.1),A,0902,2024,1176,,,,,,0
LU1:DF_X021(1.1),A,0902,2025,1177,,,,,,0
LU1:DF_X021(1.1),A,0902,2026,1191,,,,,,0
LU1:DF_X021(1.1),A,1005,2010,4902,,,,,,0
LU1:DF_X021(1.1),A,1005,2011,5336,,,,,,0
LU1:DF_X021(1.1),A,1005,2012,5388,,,,,,0
LU1:DF_X021(1.1),A,1005,2013,5367,,,,,,0
LU1:DF_X021(1.1),A,1005,2014,5382,,,,,,0
LU1:DF_X021(1.1),A,1005,2015,5344,,,,,,0
LU1:DF_X021(1.1),A,1005,2016,5249,,,,,,0
LU1:DF_X021(1.1),A,1005,2017,5530,,,,,,0
LU1:DF_X021(1.1),A,1005,2018,5614,,,,,,0
LU1:DF_X021(1.1),A,1005,2019,5618,,,,,,0
LU1:DF_X021(1.1),A,1005,2020,5617,,,,,,0
LU1:DF_X021(1.1),A,1005,2021,5650,,,,,,0
LU1:DF_X021(1.1),A,1005,2022,5705,,,,,,0
LU1:DF_X021(1.1),A,1005,2023,5870,,,,,,0
LU1:DF_X021(1.1),A,1005,2024,5869,,,,,,0
LU1:DF_X021(1.1),A,1005,2025,5936,,,,,,0
LU1:DF_X021(1.1),A,1005,2026,6031,,,,,,0
LU1:DF_X021(1.1),A,0303,2010,13163,,,,,,0
LU1:DF_X021(1.1),A,0303,2011,13335,,,,,,0
LU1:DF_X021(1.1),A,0303,2012,13628,,,,,,0
LU1:DF_X021(1.1),A,0303,2013,14027,,,,,,0
LU1:DF_X021(1.1),A,0303,2014,14175,,,,,,0
LU1:DF_X021(1.1),A,0303,2015,14393,,,,,,0
LU1:DF_X021(1.1),A,0303,2016,14650,,,,,,0
LU1:DF_X021(1.1),A,0303,2017,15049,,,,,,0
LU1:DF_X021(1.1),A,0303,2018,15246,,,,,,0
LU1:DF_X021(1.1),A,0303,2019,15479,,,,,,0
LU1:DF_X021(1.1),A,0303,2020,15584,,,,,,0
LU1:DF_X021(1.1),A,0303,2021,15657,,,,,,0
LU1:DF_X021(1.1),A,0303,2022,15883,,,,,,0
LU1:DF_X021(1.1),A,0303,2023,16433,,,,,,0
LU1:DF_X021(1.1),A,0303,2024,16836,,,,,,0
LU1:DF_X021(1.1),A,0303,2025,17146,,,,,,0
LU1:DF_X021(1.1),A,0303,2026,17264,,,,,,0
LU1:DF_X021(1.1),A,0602,2010,1317,,,,,,0
LU1:DF_X021(1.1),A,0602,2011,1336,,,,,,0
LU1:DF_X021(1.1),A,0602,2012,1435,,,,,,0
LU1:DF_X021(1.1),A,0602,2013,1501,,,,,,0
LU1:DF_X021(1.1),A,0602,2014,1567,,,,,,0
LU1:DF_X021(1.1),A,0602,2015,1647,,,,,,0
LU1:DF_X021(1.1),A,0602,2016,1751,,,,,,0
LU1:DF_X021(1.1),A,0602,2017,1820,,,,,,0
LU1:DF_X021(1.1),A,0602,2018,1764,,,,,,0
LU1:DF_X021(1.1),A,0602,2019,1725,,,,,,0
LU1:DF_X021(1.1),A,0602,2020,1718,,,,,,0
LU1:DF_X021(1.1),A,0602,2021,1701,,,,,,0
LU1:DF_X021(1.1),A,0602,2022,1683,,,,,,0
LU1:DF_X021(1.1),A,0602,2023,1678,,,,,,0
LU1:DF_X021(1.1),A,0602,2024,1724,,,,,,0
LU1:DF_X021(1.1),A,0602,2025,1761,,,,,,0
LU1:DF_X021(1.1),A,0602,2026,1784,,,,,,0
LU1:DF_X021(1.1),A,0603,2010,6390,,,,,,0
LU1:DF_X021(1.1),A,0603,2011,6318,,,,,,0
LU1:DF_X021(1.1),A,0603,2012,6410,,,,,,0
LU1:DF_X021(1.1),A,0603,2013,6518,,,,,,0
LU1:DF_X021(1.1),A,0603,2014,6649,,,,,,0
LU1:DF_X021(1.1),A,0603,2015,6728,,,,,,0
LU1:DF_X021(1.1),A,0603,2016,6896,,,,,,0
LU1:DF_X021(1.1),A,0603,2017,6472,,,,,,0
LU1:DF_X021(1.1),A,0603,2018,6756,,,,,,0
LU1:DF_X021(1.1),A,0603,2019,6988,,,,,,0
LU1:DF_X021(1.1),A,0603,2020,7042,,,,,,0
LU1:DF_X021(1.1),A,0603,2021,7047,,,,,,0
LU1:DF_X021(1.1),A,0603,2022,7168,,,,,,0
LU1:DF_X021(1.1),A,0603,2023,7295,,,,,,0
LU1:DF_X021(1.1),A,0603,2024,7244,,,,,,0
LU1:DF_X021(1.1),A,0603,2025,7336,,,,,,0
LU1:DF_X021(1.1),A,0603,2026,7398,,,,,,0
LU1:DF_X021(1.1),A,0609,2010,1531,,,,,,0
LU1:DF_X021(1.1),A,0609,2011,1497,,,,,,0
LU1:DF_X021(1.1),A,0609,2012,1591,,,,,,0
LU1:DF_X021(1.1),A,0609,2013,1683,,,,,,0
LU1:DF_X021(1.1),A,0609,2014,1769,,,,,,0
LU1:DF_X021(1.1),A,0609,2015,1847,,,,,,0
LU1:DF_X021(1.1),A,0609,2016,1902,,,,,,0
LU1:DF_X021(1.1),A,0609,2017,2004,,,,,,0
LU1:DF_X021(1.1),A,0609,2018,2036,,,,,,0
LU1:DF_X021(1.1),A,0609,2019,2024,,,,,,0
LU1:DF_X021(1.1),A,0609,2020,2039,,,,,,0
LU1:DF_X021(1.1),A,0609,2021,2073,,,,,,0
LU1:DF_X021(1.1),A,0609,2022,2111,,,,,,0
LU1:DF_X021(1.1),A,0609,2023,2149,,,,,,0
LU1:DF_X021(1.1),A,0609,2024,2156,,,,,,0
LU1:DF_X021(1.1),A,0609,2025,2123,,,,,,0
LU1:DF_X021(1.1),A,0609,2026,2172,,,,,,0
LU1:DF_X021(1.1),A,0701,2010,2284,,,,,,0
LU1:DF_X021(1.1),A,0701,2011,2293,,,,,,0
LU1:DF_X021(1.1),A,0701,2012,2336,,,,,,0
LU1:DF_X021(1.1),A,0701,2013,2383,,,,,,0
LU1:DF_X021(1.1),A,0701,2014,2405,,,,,,0
LU1:DF_X021(1.1),A,0701,2015,2408,,,,,,0
LU1:DF_X021(1.1),A,0701,2016,2437,,,,,,0
LU1:DF_X021(1.1),A,0701,2017,2489,,,,,,0
LU1:DF_X021(1.1),A,0701,2018,2518,,,,,,0
LU1:DF_X021(1.1),A,0701,2019,2619,,,,,,0
LU1:DF_X021(1.1),A,0701,2020,2708,,,,,,0
LU1:DF_X021(1.1),A,0701,2021,2784,,,,,,0
LU1:DF_X021(1.1),A,0701,2022,2812,,,,,,0
LU1:DF_X021(1.1),A,0701,2023,2866,,,,,,0
LU1:DF_X021(1.1),A,0701,2024,2874,,,,,,0
LU1:DF_X021(1.1),A,0701,2025,2879,,,,,,0
LU1:DF_X021(1.1),A,0701,2026,2913,,,,,,0
LU1:DF_X021(1.1),A,1207,2010,1466,,,,,,0
LU1:DF_X021(1.1),A,1207,2011,1556,,,,,,0
LU1:DF_X021(1.1),A,1207,2012,1580,,,,,,0
LU1:DF_X021(1.1),A,1207,2013,1601,,,,,,0
LU1:DF_X021(1.1),A,1207,2014,1634,,,,,,0
LU1:DF_X021(1.1),A,1207,2015,1674,,,,,,0
LU1:DF_X021(1.1),A,1207,2016,1794,,,,,,0
LU1:DF_X021(1.1),A,1207,2017,1866,,,,,,0
LU1:DF_X021(1.1),A,1207,2018,1904,,,,,,0
LU1:DF_X021(1.1),A,1207,2019,1894,,,,,,0
LU1:DF_X021(1.1),A,1207,2020,1947,,,,,,0
LU1:DF_X021(1.1),A,1207,2021,1968,,,,,,0
LU1:DF_X021(1.1),A,1207,2022,1978,,,,,,0
LU1:DF_X021(1.1),A,1207,2023,1984,,,,,,0
LU1:DF_X021(1.1),A,1207,2024,1992,,,,,,0
LU1:DF_X021(1.1),A,1207,2025,2009,,,,,,0
LU1:DF_X021(1.1),A,1207,2026,2023,,,,,,0
LU1:DF_X021(1.1),A,0806,2010,1575,,,,,,0
LU1:DF_X021(1.1),A,0806,2011,1543,,,,,,0
LU1:DF_X021(1.1),A,0806,2012,1537,,,,,,0
LU1:DF_X021(1.1),A,0806,2013,1606,,,,,,0
LU1:DF_X021(1.1),A,0806,2014,1647,,,,,,0
LU1:DF_X021(1.1),A,0806,2015,1707,,,,,,0
LU1:DF_X021(1.1),A,0806,2016,1722,,,,,,0
LU1:DF_X021(1.1),A,0806,2017,1860,,,,,,0
LU1:DF_X021(1.1),A,0806,2018,1912,,,,,,0
LU1:DF_X021(1.1),A,0806,2019,1952,,,,,,0
LU1:DF_X021(1.1),A,0806,2020,2013,,,,,,0
LU1:DF_X021(1.1),A,0806,2021,2084,,,,,,0
LU1:DF_X021(1.1),A,0806,2022,2175,,,,,,0
LU1:DF_X021(1.1),A,0806,2023,2253,,,,,,0
LU1:DF_X021(1.1),A,0806,2024,2281,,,,,,0
LU1:DF_X021(1.1),A,0806,2025,2325,,,,,,0
LU1:DF_X021(1.1),A,0806,2026,2320,,,,,,0
LU1:DF_X021(1.1),A,0703,2010,1081,,,,,,0
LU1:DF_X021(1.1),A,0703,2011,1089,,,,,,0
LU1:DF_X021(1.1),A,0703,2012,1151,,,,,,0
LU1:DF_X021(1.1),A,0703,2013,1166,,,,,,0
LU1:DF_X021(1.1),A,0703,2014,1191,,,,,,0
LU1:DF_X021(1.1),A,0703,2015,1235,,,,,,0
LU1:DF_X021(1.1),A,0703,2016,1230,,,,,,0
LU1:DF_X021(1.1),A,0703,2017,1265,,,,,,0
LU1:DF_X021(1.1),A,0703,2018,1289,,,,,,0
LU1:DF_X021(1.1),A,0703,2019,1350,,,,,,0
LU1:DF_X021(1.1),A,0703,2020,1425,,,,,,0
LU1:DF_X021(1.1),A,0703,2021,1511,,,,,,0
LU1:DF_X021(1.1),A,0703,2022,1548,,,,,,0
LU1:DF_X021(1.1),A,0703,2023,1582,,,,,,0
LU1:DF_X021(1.1),A,0703,2024,1598,,,,,,0
LU1:DF_X021(1.1),A,0703,2025,1644,,,,,,0
LU1:DF_X021(1.1),A,0703,2026,1668,,,,,,0
LU1:DF_X021(1.1),A,C10,2010,16041,,,,,,0
LU1:DF_X021(1.1),A,C10,2011,16670,,,,,,0
LU1:DF_X021(1.1),A,C10,2012,17024,,,,,,0
LU1:DF_X021(1.1),A,C10,2013,17276,,,,,,0
LU1:DF_X021(1.1),A,C10,2014,17477,,,,,,0
LU1:DF_X021(1.1),A,C10,2015,17728,,,,,,0
LU1:DF_X021(1.1),A,C10,2016,18007,,,,,,0
LU1:DF_X021(1.1),A,C10,2017,18702,,,,,,0
LU1:DF_X021(1.1),A,C10,2018,18899,,,,,,0
LU1:DF_X021(1.1),A,C10,2019,18944,,,,,,0
LU1:DF_X021(1.1),A,C10,2020,19189,,,,,,0
LU1:DF_X021(1.1),A,C10,2021,19463,,,,,,0
LU1:DF_X021(1.1),A,C10,2022,19716,,,,,,0
LU1:DF_X021(1.1),A,C10,2023,20280,,,,,,0
LU1:DF_X021(1.1),A,C10,2024,20283,,,,,,0
LU1:DF_X021(1.1),A,C10,2025,20509,,,,,,0
LU1:DF_X021(1.1),A,C10,2026,20683,,,,,,0
LU1:DF_X021(1.1),A,0206,2010,7821,,,,,,0
LU1:DF_X021(1.1),A,0206,2011,7767,,,,,,0
LU1:DF_X021(1.1),A,0206,2012,7887,,,,,,0
LU1:DF_X021(1.1),A,0206,2013,7934,,,,,,0
LU1:DF_X021(1.1),A,0206,2014,8021,,,,,,0
LU1:DF_X021(1.1),A,0206,2015,8121,,,,,,0
LU1:DF_X021(1.1),A,0206,2016,8247,,,,,,0
LU1:DF_X021(1.1),A,0206,2017,8982,,,,,,0
LU1:DF_X021(1.1),A,0206,2018,9098,,,,,,0
LU1:DF_X021(1.1),A,0206,2019,9315,,,,,,0
LU1:DF_X021(1.1),A,0206,2020,9506,,,,,,0
LU1:DF_X021(1.1),A,0206,2021,9668,,,,,,0
LU1:DF_X021(1.1),A,0206,2022,9721,,,,,,0
LU1:DF_X021(1.1),A,0206,2023,9865,,,,,,0
LU1:DF_X021(1.1),A,0206,2024,9889,,,,,,0
LU1:DF_X021(1.1),A,0206,2025,9969,,,,,,0
LU1:DF_X021(1.1),A,0206,2026,9989,,,,,,0
LU1:DF_X021(1.1),A,0501,2010,4231,,,,,,0
LU1:DF_X021(1.1),A,0501,2011,4358,,,,,,0
LU1:DF_X021(1.1),A,0501,2012,4564,,,,,,0
LU1:DF_X021(1.1),A,0501,2013,4603,,,,,,0
LU1:DF_X021(1.1),A,0501,2014,4735,,,,,,0
LU1:DF_X021(1.1),A,0501,2015,4815,,,,,,0
LU1:DF_X021(1.1),A,0501,2016,4847,,,,,,0
LU1:DF_X021(1.1),A,0501,2017,5069,,,,,,0
LU1:DF_X021(1.1),A,0501,2018,5228,,,,,,0
LU1:DF_X021(1.1),A,0501,2019,5340,,,,,,0
LU1:DF_X021(1.1),A,0501,2020,5463,,,,,,0
LU1:DF_X021(1.1),A,0501,2021,5605,,,,,,0
LU1:DF_X021(1.1),A,0501,2022,5772,,,,,,0
LU1:DF_X021(1.1),A,0501,2023,6021,,,,,,0
LU1:DF_X021(1.1),A,0501,2024,6121,,,,,,0
LU1:DF_X021(1.1),A,0501,2025,6289,,,,,,0
LU1:DF_X021(1.1),A,0501,2026,6327,,,,,,0
LU1:DF_X021(1.1),A,0601,2010,2506,,,,,,0
LU1:DF_X021(1.1),A,0601,2011,2489,,,,,,0
LU1:DF_X021(1.1),A,0601,2012,2505,,,,,,0
LU1:DF_X021(1.1),A,0601,2013,2614,,,,,,0
LU1:DF_X021(1.1),A,0601,2014,2633,,,,,,0
LU1:DF_X021(1.1),A,0601,2015,2630,,,,,,0
LU1:DF_X021(1.1),A,0601,2016,2659,,,,,,0
LU1:DF_X021(1.1),A,0601,2017,2753,,,,,,0
LU1:DF_X021(1.1),A,0601,2018,2821,,,,,,0
LU1:DF_X021(1.1),A,0601,2019,2857,,,,,,0
LU1:DF_X021(1.1),A,0601,2020,2907,,,,,,0
LU1:DF_X021(1.1),A,0601,2021,2902,,,,,,0
LU1:DF_X021(1.1),A,0601,2022,2959,,,,,,0
LU1:DF_X021(1.1),A,0601,2023,3052,,,,,,0
LU1:DF_X021(1.1),A,0601,2024,3094,,,,,,0
LU1:DF_X021(1.1),A,0601,2025,3116,,,,,,0
LU1:DF_X021(1.1),A,0601,2026,3051,,,,,,0
LU1:DF_X021(1.1),A,0606,2010,1572,,,,,,0
LU1:DF_X021(1.1),A,0606,2011,1585,,,,,,0
LU1:DF_X021(1.1),A,0606,2012,1563,,,,,,0
LU1:DF_X021(1.1),A,0606,2013,1587,,,,,,0
LU1:DF_X021(1.1),A,0606,2014,1671,,,,,,0
LU1:DF_X021(1.1),A,0606,2015,1793,,,,,,0
LU1:DF_X021(1.1),A,0606,2016,1903,,,,,,0
LU1:DF_X021(1.1),A,0606,2017,2062,,,,,,0
LU1:DF_X021(1.1),A,0606,2018,2080,,,,,,0
LU1:DF_X021(1.1),A,0606,2019,2164,,,,,,0
LU1:DF_X021(1.1),A,0606,2020,2224,,,,,,0
LU1:DF_X021(1.1),A,0606,2021,2263,,,,,,0
LU1:DF_X021(1.1),A,0606,2022,2291,,,,,,0
LU1:DF_X021(1.1),A,0606,2023,2366,,,,,,0
LU1:DF_X021(1.1),A,0606,2024,2439,,,,,,0
LU1:DF_X021(1.1),A,0606,2025,2435,,,,,,0
LU1:DF_X021(1.1),A,0606,2026,2431,,,,,,0
LU1:DF_X021(1.1),A,0706,2010,2480,,,,,,0
LU1:DF_X021(1.1),A,0706,2011,2564,,,,,,0
LU1:DF_X021(1.1),A,0706,2012,2621,,,,,,0
LU1:DF_X021(1.1),A,0706,2013,2631,,,,,,0
LU1:DF_X021(1.1),A,0706,2014,2631,,,,,,0
LU1:DF_X021(1.1),A,0706,2015,2613,,,,,,0
LU1:DF_X021(1.1),A,0706,2016,2609,,,,,,0
LU1:DF_X021(1.1),A,0706,2017,2795,,,,,,0
LU1:DF_X021(1.1),A,0706,2018,2824,,,,,,0
LU1:DF_X021(1.1),A,0706,2019,2843,,,,,,0
LU1:DF_X021(1.1),A,0706,2020,2905,,,,,,0
LU1:DF_X021(1.1),A,0706,2021,2910,,,,,,0
LU1:DF_X021(1.1),A,0706,2022,2990,,,,,,0
LU1:DF_X021(1.1),A,0706,2023,3059,,,,,,0
LU1:DF_X021(1.1),A,0706,2024,3077,,,,,,0
LU1:DF_X021(1.1),A,0706,2025,3125,,,,,,0
LU1:DF_X021(1.1),A,0706,2026,3149,,,,,,0
LU1:DF_X021(1.1),A,0903,2010,1679,,,,,,0
LU1:DF_X021(1.1),A,0903,2011,1731,,,,,,0
LU1:DF_X021(1.1),A,0903,2012,1763,,,,,,0
LU1:DF_X021(1.1),A,0903,2013,1809,,,,,,0
LU1:DF_X021(1.1),A,0903,2014,1864,,,,,,0
LU1:DF_X021(1.1),A,0903,2015,1888,,,,,,0
LU1:DF_X021(1.1),A,0903,2016,1918,,,,,,0
LU1:DF_X021(1.1),A,0903,2017,2008,,,,,,0
LU1:DF_X021(1.1),A,0903,2018,2015,,,,,,0
LU1:DF_X021(1.1),A,0903,2019,2080,,,,,,0
LU1:DF_X021(1.1),A,0903,2020,2138,,,,,,0
LU1:DF_X021(1.1),A,0903,2021,2161,,,,,,0
LU1:DF_X021(1.1),A,0903,2022,2190,,,,,,0
LU1:DF_X021(1.1),A,0903,2023,2203,,,,,,0
LU1:DF_X021(1.1),A,0903,2024,2212,,,,,,0
LU1:DF_X021(1.1),A,0903,2025,2221,,,,,,0
LU1:DF_X021(1.1),A,0903,2026,2243,,,,,,0
LU1:DF_X021(1.1),A,0805,2010,943,,,,,,0
LU1:DF_X021(1.1),A,0805,2011,999,,,,,,0
LU1:DF_X021(1.1),A,0805,2012,1024,,,,,,0
LU1:DF_X021(1.1),A,0805,2013,1071,,,,,,0
LU1:DF_X021(1.1),A,0805,2014,1091,,,,,,0
LU1:DF_X021(1.1),A,0805,2015,1110,,,,,,0
LU1:DF_X021(1.1),A,0805,2016,1114,,,,,,0
LU1:DF_X021(1.1),A,0805,2017,1168,,,,,,0
LU1:DF_X021(1.1),A,0805,2018,1202,,,,,,0
LU1:DF_X021(1.1),A,0805,2019,1201,,,,,,0
LU1:DF_X021(1.1),A,0805,2020,1214,,,,,,0
LU1:DF_X021(1.1),A,0805,2021,1209,,,,,,0
LU1:DF_X021(1.1),A,0805,2022,1230,,,,,,0
LU1:DF_X021(1.1),A,0805,2023,1260,,,,,,0
LU1:DF_X021(1.1),A,0805,2024,1260,,,,,,0
LU1:DF_X021(1.1),A,0805,2025,1257,,,,,,0
LU1:DF_X021(1.1),A,0805,2026,1309,,,,,,0
LU1:DF_X021(1.1),A,0405,2010,1045,,,,,,0
LU1:DF_X021(1.1),A,0405,2011,1068,,,,,,0
LU1:DF_X021(1.1),A,0405,2012,1102,,,,,,0
LU1:DF_X021(1.1),A,0405,2013,1127,,,,,,0
LU1:DF_X021(1.1),A,0405,2014,1166,,,,,,0
LU1:DF_X021(1.1),A,0405,2015,1201,,,,,,0
LU1:DF_X021(1.1),A,0405,2016,1239,,,,,,0
LU1:DF_X021(1.1),A,0405,2017,1317,,,,,,0
LU1:DF_X021(1.1),A,0405,2018,1394,,,,,,0
LU1:DF_X021(1.1),A,0405,2019,1468,,,,,,0
LU1:DF_X021(1.1),A,0405,2020,1504,,,,,,0
LU1:DF_X021(1.1),A,0405,2021,1520,,,,,,0
LU1:DF_X021(1.1),A,0405,2022,1520,,,,,,0
LU1:DF_X021(1.1),A,0405,2023,1549,,,,,,0
LU1:DF_X021(1.1),A,0405,2024,1548,,,,,,0
LU1:DF_X021(1.1),A,0405,2025,1560,,,,,,0
LU1:DF_X021(1.1),A,0405,2026,1597,,,,,,0
LU1:DF_X021(1.1),A,0106,2010,2101,,,,,,0
LU1:DF_X021(1.1),A,0106,2011,2283,,,,,,0
LU1:DF_X021(1.1),A,0106,2012,2287,,,,,,0
LU1:DF_X021(1.1),A,0106,2013,2294,,,,,,0
LU1:DF_X021(1.1),A,0106,2014,2365,,,,,,0
LU1:DF_X021(1.1),A,0106,2015,2440,,,,,,0
LU1:DF_X021(1.1),A,0106,2016,2520,,,,,,0
LU1:DF_X021(1.1),A,0106,2017,2528,,,,,,0
LU1:DF_X021(1.1),A,0106,2018,2579,,,,,,0
LU1:DF_X021(1.1),A,0106,2019,2591,,,,,,0
LU1:DF_X021(1.1),A,0106,2020,2616,,,,,,0
LU1:DF_X021(1.1),A,0106,2021,2642,,,,,,0
LU1:DF_X021(1.1),A,0106,2022,2628,,,,,,0
LU1:DF_X021(1.1),A,0106,2023,2706,,,,,,0
LU1:DF_X021(1.1),A,0106,2024,2733,,,,,,0
LU1:DF_X021(1.1),A,0106,2025,2783,,,,,,0
LU1:DF_X021(1.1),A,0106,2026,2814,,,,,,0
LU1:DF_X021(1.1),A,1102,2010,1647,,,,,,0
LU1:DF_X021(1.1),A,1102,2011,1653,,,,,,0
LU1:DF_X021(1.1),A,1102,2012,1686,,,,,,0
LU1:DF_X021(1.1),A,1102,2013,1741,,,,,,0
LU1:DF_X021(1.1),A,1102,2014,1787,,,,,,0
LU1:DF_X021(1.1),A,1102,2015,1821,,,,,,0
LU1:DF_X021(1.1),A,1102,2016,1857,,,,,,0
LU1:DF_X021(1.1),A,1102,2017,1813,,,,,,0
LU1:DF_X021(1.1),A,1102,2018,1817,,,,,,0
LU1:DF_X021(1.1),A,1102,2019,1861,,,,,,0
LU1:DF_X021(1.1),A,1102,2020,1834,,,,,,0
LU1:DF_X021(1.1),A,1102,2021,1884,,,,,,0
LU1:DF_X021(1.1),A,1102,2022,1917,,,,,,0
LU1:DF_X021(1.1),A,1102,2023,1926,,,,,,0
LU1:DF_X021(1.1),A,1102,2024,1904,,,,,,0
LU1:DF_X021(1.1),A,1102,2025,1911,,,,,,0
LU1:DF_X021(1.1),A,1102,2026,1902,,,,,,0
LU1:DF_X021(1.1),A,1106,2010,1718,,,,,,0
LU1:DF_X021(1.1),A,1106,2011,1761,,,,,,0
LU1:DF_X021(1.1),A,1106,2012,1813,,,,,,0
LU1:DF_X021(1.1),A,1106,2013,1824,,,,,,0
LU1:DF_X021(1.1),A,1106,2014,1886,,,,,,0
LU1:DF_X021(1.1),A,1106,2015,1885,,,,,,0
LU1:DF_X021(1.1),A,1106,2016,1916,,,,,,0
LU1:DF_X021(1.1),A,1106,2017,2068,,,,,,0
LU1:DF_X021(1.1),A,1106,2018,2127,,,,,,0
LU1:DF_X021(1.1),A,1106,2019,2163,,,,,,0
LU1:DF_X021(1.1),A,1106,2020,2181,,,,,,0
LU1:DF_X021(1.1),A,1106,2021,2216,,,,,,0
LU1:DF_X021(1.1),A,1106,2022,2249,,,,,,0
LU1:DF_X021(1.1),A,1106,2023,2298,,,,,,0
LU1:DF_X021(1.1),A,1106,2024,2296,,,,,,0
LU1:DF_X021(1.1),A,1106,2025,2332,,,,,,0
LU1:DF_X021(1.1),A,1106,2026,2340,,,,,,0
LU1:DF_X021(1.1),A,0402,2010,2750,,,,,,0
LU1:DF_X021(1.1),A,0402,2011,2784,,,,,,0
LU1:DF_X021(1.1),A,0402,2012,2787,,,,,,0
LU1:DF_X021(1.1),A,0402,2013,2794,,,,,,0
LU1:DF_X021(1.1),A,0402,2014,2816,,,,,,0
LU1:DF_X021(1.1),A,0402,2015,2846,,,,,,0
LU1:DF_X021(1.1),A,0402,2016,2879,,,,,,0
LU1:DF_X021(1.1),A,0402,2017,3021,,,,,,0
LU1:DF_X021(1.1),A,0402,2018,3095,,,,,,0
LU1:DF_X021(1.1),A,0402,2019,3183,,,,,,0
LU1:DF_X021(1.1),A,0402,2020,3216,,,,,,0
LU1:DF_X021(1.1),A,0402,2021,3269,,,,,,0
LU1:DF_X021(1.1),A,0402,2022,3329,,,,,,0
LU1:DF_X021(1.1),A,0402,2023,3450,,,,,,0
LU1:DF_X021(1.1),A,0402,2024,3492,,,,,,0
LU1:DF_X021(1.1),A,0402,2025,3535,,,,,,0
LU1:DF_X021(1.1),A,0402,2026,3564,,,,,,0
LU1:DF_X021(1.1),A,C01,2010,40628,,,,,,0
LU1:DF_X021(1.1),A,C01,2011,41173,,,,,,0
LU1:DF_X021(1.1),A,C01,2012,41873,,,,,,0
LU1:DF_X021(1.1),A,C01,2013,42635,,,,,,0
LU1:DF_X021(1.1),A,C01,2014,43607,,,,,,0
LU1:DF_X021(1.1),A,C01,2015,44509,,,,,,0
LU1:DF_X021(1.1),A,C01,2016,45276,,,,,,0
LU1:DF_X021(1.1),A,C01,2017,47209,,,,,,0
LU1:DF_X021(1.1),A,C01,2018,48187,,,,,,0
LU1:DF_X021(1.1),A,C01,2019,49066,,,,,,0
LU1:DF_X021(1.1),A,C01,2020,50094,,,,,,0
LU1:DF_X021(1.1),A,C01,2021,50733,,,,,,0
LU1:DF_X021(1.1),A,C01,2022,51691,,,,,,0
LU1:DF_X021(1.1),A,C01,2023,52828,,,,,,0
LU1:DF_X021(1.1),A,C01,2024,54352,,,,,,0
LU1:DF_X021(1.1),A,C01,2025,55513,,,,,,0
LU1:DF_X021(1.1),A,C01,2026,56562,,,,,,0
LU1:DF_X021(1.1),A,0107,2010,3092,,,,,,0
LU1:DF_X021(1.1),A,0107,2011,3097,,,,,,0
LU1:DF_X021(1.1),A,0107,2012,3126,,,,,,0
LU1:DF_X021(1.1),A,0107,2013,3167,,,,,,0
LU1:DF_X021(1.1),A,0107,2014,3250,,,,,,0
LU1:DF_X021(1.1),A,0107,2015,3337,,,,,,0
LU1:DF_X021(1.1),A,0107,2016,3448,,,,,,0
LU1:DF_X021(1.1),A,0107,2017,3673,,,,,,0
LU1:DF_X021(1.1),A,0107,2018,3839,,,,,,0
LU1:DF_X021(1.1),A,0107,2019,3884,,,,,,0
LU1:DF_X021(1.1),A,0107,2020,4038,,,,,,0
LU1:DF_X021(1.1),A,0107,2021,4116,,,,,,0
LU1:DF_X021(1.1),A,0107,2022,4185,,,,,,0
LU1:DF_X021(1.1),A,0107,2023,4286,,,,,,0
LU1:DF_X021(1.1),A,0107,2024,4501,,,,,,0
LU1:DF_X021(1.1),A,0107,2025,4626,,,,,,0
LU1:DF_X021(1.1),A,0107,2026,4740,,,,,,0
LU1:DF_X021(1.1),A,0205,2010,3722,,,,,,0
LU1:DF_X021(1.1),A,0205,2011,3750,,,,,,0
LU1:DF_X021(1.1),A,0205,2012,3780,,,,,,0
LU1:DF_X021(1.1),A,0205,2013,3884,,,,,,0
LU1:DF_X021(1.1),A,0205,2014,4023,,,,,,0
LU1:DF_X021(1.1),A,0205,2015,4104,,,,,,0
LU1:DF_X021(1.1),A,0205,2016,4344,,,,,,0
LU1:DF_X021(1.1),A,0205,2017,4557,,,,,,0
LU1:DF_X021(1.1),A,0205,2018,4612,,,,,,0
LU1:DF_X021(1.1),A,0205,2019,4682,,,,,,0
LU1:DF_X021(1.1),A,0205,2020,4746,,,,,,0
LU1:DF_X021(1.1),A,0205,2021,4769,,,,,,0
LU1:DF_X021(1.1),A,0205,2022,4799,,,,,,0
LU1:DF_X021(1.1),A,0205,2023,4912,,,,,,0
LU1:DF_X021(1.1),A,0205,2024,4968,,,,,,0
LU1:DF_X021(1.1),A,0205,2025,5078,,,,,,0
LU1:DF_X021(1.1),A,0205,2026,5039,,,,,,0
LU1:DF_X021(1.1),A,0210,2010,2054,,,,,,0
LU1:DF_X021(1.1),A,0210,2011,2138,,,,,,0
LU1:DF_X021(1.1),A,0210,2012,2180,,,,,,0
LU1:DF_X021(1.1),A,0210,2013,2179,,,,,,0
LU1:DF_X021(1.1),A,0210,2014,2245,,,,,,0
LU1:DF_X021(1.1),A,0210,2015,2297,,,,,,0
LU1:DF_X021(1.1),A,0210,2016,2304,,,,,,0
LU1:DF_X021(1.1),A,0210,2017,2397,,,,,,0
LU1:DF_X021(1.1),A,0210,2018,2449,,,,,,0
LU1:DF_X021(1.1),A,0210,2019,2511,,,,,,0
LU1:DF_X021(1.1),A,0210,2020,2594,,,,,,0
LU1:DF_X021(1.1),A,0210,2021,2634,,,,,,0
LU1:DF_X021(1.1),A,0210,2022,2680,,,,,,0
LU1:DF_X021(1.1),A,0210,2023,2734,,,,,,0
LU1:DF_X021(1.1),A,0210,2024,2799,,,,,,0
LU1:DF_X021(1.1),A,0210,2025,2855,,,,,,0
LU1:DF_X021(1.1),A,0210,2026,2957,,,,,,0
LU1:DF_X021(1.1),A,1107,2010,3631,,,,,,0
LU1:DF_X021(1.1),A,1107,2011,3852,,,,,,0
LU1:DF_X021(1.1),A,1107,2012,4012,,,,,,0
LU1:DF_X021(1.1),A,1107,2013,4145,,,,,,0
LU1:DF_X021(1.1),A,1107,2014,4238,,,,,,0
LU1:DF_X021(1.1),A,1107,2015,4286,,,,,,0
LU1:DF_X021(1.1),A,1107,2016,4364,,,,,,0
LU1:DF_X021(1.1),A,1107,2017,4530,,,,,,0
LU1:DF_X021(1.1),A,1107,2018,4517,,,,,,0
LU1:DF_X021(1.1),A,1107,2019,4563,,,,,,0
LU1:DF_X021(1.1),A,1107,2020,4635,,,,,,0
LU1:DF_X021(1.1),A,1107,2021,4703,,,,,,0
LU1:DF_X021(1.1),A,1107,2022,4764,,,,,,0
LU1:DF_X021(1.1),A,1107,2023,5117,,,,,,0
LU1:DF_X021(1.1),A,1107,2024,5346,,,,,,0
LU1:DF_X021(1.1),A,1107,2025,5557,,,,,,0
LU1:DF_X021(1.1),A,1107,2026,5685,,,,,,0
LU1:DF_X021(1.1),A,0304,2010,90848,,,,,,0
LU1:DF_X021(1.1),A,0304,2011,95058,,,,,,0
LU1:DF_X021(1.1),A,0304,2012,99852,,,,,,0
LU1:DF_X021(1.1),A,0304,2013,103641,,,,,,0
LU1:DF_X021(1.1),A,0304,2014,107247,,,,,,0
LU1:DF_X021(1.1),A,0304,2015,111287,,,,,,0
LU1:DF_X021(1.1),A,0304,2016,115227,,,,,,0
LU1:DF_X021(1.1),A,0304,2017,114303,,,,,,0
LU1:DF_X021(1.1),A,0304,2018,116323,,,,,,0
LU1:DF_X021(1.1),A,0304,2019,119215,,,,,,0
LU1:DF_X021(1.1),A,0304,2020,122273,,,,,,0
LU1:DF_X021(1.1),A,0304,2021,124509,,,,,,0
LU1:DF_X021(1.1),A,0304,2022,128494,,,,,,0
LU1:DF_X021(1.1),A,0304,2023,132780,,,,,,0
LU1:DF_X021(1.1),A,0304,2024,134697,,,,,,0
LU1:DF_X021(1.1),A,0304,2025,136161,,,,,,0
LU1:DF_X021(1.1),A,0304,2026,137678,,,,,,0
LU1:DF_X021(1.1),A,0408,2010,3261,,,,,,0
LU1:DF_X021(1.1),A,0408,2011,3531,,,,,,0
LU1:DF_X021(1.1),A,0408,2012,3555,,,,,,0
LU1:DF_X021(1.1),A,0408,2013,3586,,,,,,0
LU1:DF_X021(1.1),A,0408,2014,3673,,,,,,0
LU1:DF_X021(1.1),A,0408,2015,3723,,,,,,0
LU1:DF_X021(1.1),A,0408,2016,3798,,,,,,0
LU1:DF_X021(1.1),A,0408,2017,3896,,,,,,0
LU1:DF_X021(1.1),A,0408,2018,3986,,,,,,0
LU1:DF_X021(1.1),A,0408,2019,4083,,,,,,0
LU1:DF_X021(1.1),A,0408,2020,4246,,,,,,0
LU1:DF_X021(1.1),A,0408,2021,4348,,,,,,0
LU1:DF_X021(1.1),A,0408,2022,4441,,,,,,0
LU1:DF_X021(1.1),A,0408,2023,4521,,,,,,0
LU1:DF_X021(1.1),A,0408,2024,4658,,,,,,0
LU1:DF_X021(1.1),A,0408,2025,4691,,,,,,0
LU1:DF_X021(1.1),A,0408,2026,4760,,,,,,0
LU1:DF_X021(1.1),A,0604,2010,2220,,,,,,0
LU1:DF_X021(1.1),A,0604,2011,2295,,,,,,0
LU1:DF_X021(1.1),A,0604,2012,2324,,,,,,0
LU1:DF_X021(1.1),A,0604,2013,2337,,,,,,0
LU1:DF_X021(1.1),A,0604,2014,2347,,,,,,0
LU1:DF_X021(1.1),A,0604,2015,2409,,,,,,0
LU1:DF_X021(1.1),A,0604,2016,2396,,,,,,0
LU1:DF_X021(1.1),A,0604,2017,2392,,,,,,0
LU1:DF_X021(1.1),A,0604,2018,2339,,,,,,0
LU1:DF_X021(1.1),A,0604,2019,2406,,,,,,0
LU1:DF_X021(1.1),A,0604,2020,2482,,,,,,0
LU1:DF_X021(1.1),A,0604,2021,2452,,,,,,0
LU1:DF_X021(1.1),A,0604,2022,2436,,,,,,0
LU1:DF_X021(1.1),A,0604,2023,2429,,,,,,0
LU1:DF_X021(1.1),A,0604,2024,2494,,,,,,0
LU1:DF_X021(1.1),A,0604,2025,2596,,,,,,0
LU1:DF_X021(1.1),A,0604,2026,2662,,,,,,0
LU1:DF_X021(1.1),A,0709,2010,1032,,,,,,0
LU1:DF_X021(1.1),A,0709,2011,988,,,,,,0
LU1:DF_X021(1.1),A,0709,2012,1020,,,,,,0
LU1:DF_X021(1.1),A,0709,2013,1013,,,,,,0
LU1:DF_X021(1.1),A,0709,2014,1038,,,,,,0
LU1:DF_X021(1.1),A,0709,2015,1088,,,,,,0
LU1:DF_X021(1.1),A,0709,2016,1186,,,,,,0
LU1:DF_X021(1.1),A,0709,2017,1246,,,,,,0
LU1:DF_X021(1.1),A,0709,2018,1274,,,,,,0
LU1:DF_X021(1.1),A,0709,2019,1309,,,,,,0
LU1:DF_X021(1.1),A,0709,2020,1313,,,,,,0
LU1:DF_X021(1.1),A,0709,2021,1360,,,,,,0
LU1:DF_X021(1.1),A,0709,2022,1375,,,,,,0
LU1:DF_X021(1.1),A,0709,2023,1425,,,,,,0
LU1:DF_X021(1.1),A,0709,2024,1422,,,,,,0
LU1:DF_X021(1.1),A,0709,2025,1431,,,,,,0
LU1:DF_X021(1.1),A,0709,2026,1453,,,,,,0
LU1:DF_X021(1.1),A,1209,2010,2285,,,,,,0
LU1:DF_X021(1.1),A,1209,2011,2304,,,,,,0
LU1:DF_X021(1.1),A,1209,2012,2376,,,,,,0
LU1:DF_X021(1.1),A,1209,2013,2399,,,,,,0
LU1:DF_X021(1.1),A,1209,2014,2399,,,,,,0
LU1:DF_X021(1.1),A,1209,2015,2422,,,,,,0
LU1:DF_X021(1.1),A,1209,2016,2447,,,,,,0
LU1:DF_X021(1.1),A,1209,2017,2651,,,,,,0
LU1:DF_X021(1.1),A,1209,2018,2737,,,,,,0
LU1:DF_X021(1.1),A,1209,2019,2833,,,,,,0
LU1:DF_X021(1.1),A,1209,2020,2909,,,,,,0
LU1:DF_X021(1.1),A,1209,2021,2985,,,,,,0
LU1:DF_X021(1.1),A,1209,2022,2953,,,,,,0
LU1:DF_X021(1.1),A,1209,2023,3089,,,,,,0
LU1:DF_X021(1.1),A,1209,2024,3165,,,,,,0
LU1:DF_X021(1.1),A,1209,2025,3270,,,,,,0
LU1:DF_X021(1.1),A,1209,2026,3368,,,,,,0
LU1:DF_X021(1.1),A,0708,2010,1472,,,,,,0
LU1:DF_X021(1.1),A,0708,2011,1537,,,,,,0
LU1:DF_X021(1.1),A,0708,2012,1571,,,,,,0
LU1:DF_X021(1.1),A,0708,2013,1575,,,,,,0
LU1:DF_X021(1.1),A,0708,2014,1639,,,,,,0
LU1:DF_X021(1.1),A,0708,2015,1688,,,,,,0
LU1:DF_X021(1.1),A,0708,2016,1658,,,,,,0
LU1:DF_X021(1.1),A,0708,2017,1800,,,,,,0
LU1:DF_X021(1.1),A,0708,2018,1867,,,,,,0
LU1:DF_X021(1.1),A,0708,2019,1900,,,,,,0
LU1:DF_X021(1.1),A,0708,2020,1942,,,,,,0
LU1:DF_X021(1.1),A,0708,2021,1965,,,,,,0
LU1:DF_X021(1.1),A,0708,2022,2022,,,,,,0
LU1:DF_X021(1.1),A,0708,2023,2075,,,,,,0
LU1:DF_X021(1.1),A,0708,2024,2143,,,,,,0
LU1:DF_X021(1.1),A,0708,2025,2148,,,,,,0
LU1:DF_X021(1.1),A,0708,2026,2181,,,,,,0
LU1:DF_X021(1.1),A,1008,2010,1478,,,,,,0
LU1:DF_X021(1.1),A,1008,2011,1342,,,,,,0
LU1:DF_X021(1.1),A,1008,2012,1354,,,,,,0
LU1:DF_X021(1.1),A,1008,2013,1390,,,,,,0
LU1:DF_X021(1.1),A,1008,2014,1477,,,,,,0
LU1:DF_X021(1.1),A,1008,2015,1554,,,,,,0
LU1:DF_X021(1.1),A,1008,2016,1644,,,,,,0
LU1:DF_X021(1.1),A,1008,2017,1767,,,,,,0
LU1:DF_X021(1.1),A,1008,2018,1783,,,,,,0
LU1:DF_X021(1.1),A,1008,2019,1803,,,,,,0
LU1:DF_X021(1.1),A,1008,2020,1832,,,,,,0
LU1:DF_X021(1.1),A,1008,2021,1902,,,,,,0
LU1:DF_X021(1.1),A,1008,2022,1922,,,,,,0
LU1:DF_X021(1.1),A,1008,2023,1960,,,,,,0
LU1:DF_X021(1.1),A,1008,2024,1948,,,,,,0
LU1:DF_X021(1.1),A,1008,2025,1972,,,,,,0
LU1:DF_X021(1.1),A,1008,2026,1999,,,,,,0
LU1:DF_X021(1.1),A,1202,2010,1980,,,,,,0
LU1:DF_X021(1.1),A,1202,2011,1942,,,,,,0
LU1:DF_X021(1.1),A,1202,2012,1971,,,,,,0
LU1:DF_X021(1.1),A,1202,2013,1995,,,,,,0
LU1:DF_X021(1.1),A,1202,2014,2012,,,,,,0
LU1:DF_X021(1.1),A,1202,2015,2033,,,,,,0
LU1:DF_X021(1.1),A,1202,2016,2045,,,,,,0
LU1:DF_X021(1.1),A,1202,2017,2148,,,,,,0
LU1:DF_X021(1.1),A,1202,2018,2262,,,,,,0
LU1:DF_X021(1.1),A,1202,2019,2325,,,,,,0
LU1:DF_X021(1.1),A,1202,2020,2356,,,,,,0
LU1:DF_X021(1.1),A,1202,2021,2358,,,,,,0
LU1:DF_X021(1.1),A,1202,2022,2385,,,,,,0
LU1:DF_X021(1.1),A,1202,2023,2408,,,,,,0
LU1:DF_X021(1.1),A,1202,2024,2389,,,,,,0
LU1:DF_X021(1.1),A,1202,2025,2388,,,,,,0
LU1:DF_X021(1.1),A,1202,2026,2377,,,,,,0
LU1:DF_X021(1.1),A,C05,2010,15138,,,,,,0
LU1:DF_X021(1.1),A,C05,2011,15405,,,,,,0
LU1:DF_X021(1.1),A,C05,2012,15875,,,,,,0
LU1:DF_X021(1.1),A,C05,2013,16115,,,,,,0
LU1:DF_X021(1.1),A,C05,2014,16447,,,,,,0
LU1:DF_X021(1.1),A,C05,2015,16822,,,,,,0
LU1:DF_X021(1.1),A,C05,2016,17126,,,,,,0
LU1:DF_X021(1.1),A,C05,2017,17631,,,,,,0
LU1:DF_X021(1.1),A,C05,2018,18081,,,,,,0
LU1:DF_X021(1.1),A,C05,2019,18436,,,,,,0
LU1:DF_X021(1.1),A,C05,2020,18936,,,,,,0
LU1:DF_X021(1.1),A,C05,2021,19382,,,,,,0
LU1:DF_X021(1.1),A,C05,2022,20016,,,,,,0
LU1:DF_X021(1.1),A,C05,2023,20687,,,,,,0
LU1:DF_X021(1.1),A,C05,2024,21214,,,,,,0
LU1:DF_X021(1.1),A,C05,2025,21873,,,,,,0
LU1:DF_X021(1.1),A,C05,2026,22179,,,,,,0
LU1:DF_X021(1.1),A,0108,2010,7499,,,,,,0
LU1:DF_X021(1.1),A,0108,2011,7473,,,,,,0
LU1:DF_X021(1.1),A,0108,2012,7666,,,,,,0
LU1:DF_X021(1.1),A,0108,2013,7857,,,,,,0
LU1:DF_X021(1.1),A,0108,2014,8173,,,,,,0
LU1:DF_X021(1.1),A,0108,2015,8463,,,,,,0
LU1:DF_X021(1.1),A,0108,2016,8695,,,,,,0
LU1:DF_X021(1.1),A,0108,2017,9185,,,,,,0
LU1:DF_X021(1.1),A,0108,2018,9528,,,,,,0
LU1:DF_X021(1.1),A,0108,2019,9730,,,,,,0
LU1:DF_X021(1.1),A,0108,2020,9913,,,,,,0
LU1:DF_X021(1.1),A,0108,2021,10218,,,,,,0
LU1:DF_X021(1.1),A,0108,2022,10473,,,,,,0
LU1:DF_X021(1.1),A,0108,2023,10643,,,,,,0
LU1:DF_X021(1.1),A,0108,2024,11055,,,,,,0
LU1:DF_X021(1.1),A,0108,2025,11368,,,,,,0
LU1:DF_X021(1.1),A,0108,2026,11583,,,,,,0
LU1:DF_X021(1.1),A,0310,2010,7291,,,,,,0
LU1:DF_X021(1.1),A,0310,2011,7240,,,,,,0
LU1:DF_X021(1.1),A,0310,2012,7404,,,,,,0
LU1:DF_X021(1.1),A,0310,2013,7563,,,,,,0
LU1:DF_X021(1.1),A,0310,2014,7715,,,,,,0
LU1:DF_X021(1.1),A,0310,2015,7819,,,,,,0
LU1:DF_X021(1.1),A,0310,2016,7818,,,,,,0
LU1:DF_X021(1.1),A,0310,2017,8046,,,,,,0
LU1:DF_X021(1.1),A,0310,2018,8169,,,,,,0
LU1:DF_X021(1.1),A,0310,2019,8231,,,,,,0
LU1:DF_X021(1.1),A,0310,2020,8424,,,,,,0
LU1:DF_X021(1.1),A,0310,2021,8418,,,,,,0
LU1:DF_X021(1.1),A,0310,2022,8552,,,,,,0
LU1:DF_X021(1.1),A,0310,2023,8730,,,,,,0
LU1:DF_X021(1.1),A,0310,2024,8866,,,,,,0
LU1:DF_X021(1.1),A,0310,2025,8937,,,,,,0
LU1:DF_X021(1.1),A,0310,2026,9256,,,,,,0
LU1:DF_X021(1.1),A,0406,2010,1969,,,,,,0
LU1:DF_X021(1.1),A,0406,2011,2012,,,,,,0
LU1:DF_X021(1.1),A,0406,2012,2023,,,,,,0
LU1:DF_X021(1.1),A,0406,2013,2051,,,,,,0
LU1:DF_X021(1.1),A,0406,2014,2094,,,,,,0
LU1:DF_X021(1.1),A,0406,2015,2122,,,,,,0
LU1:DF_X021(1.1),A,0406,2016,2101,,,,,,0
LU1:DF_X021(1.1),A,0406,2017,2162,,,,,,0
LU1:DF_X021(1.1),A,0406,2018,2146,,,,,,0
LU1:DF_X021(1.1),A,0406,2019,2152,,,,,,0
LU1:DF_X021(1.1),A,0406,2020,2194,,,,,,0
LU1:DF_X021(1.1),A,0406,2021,2220,,,,,,0
LU1:DF_X021(1.1),A,0406,2022,2198,,,,,,0
LU1:DF_X021(1.1),A,0406,2023,2208,,,,,,0
LU1:DF_X021(1.1),A,0406,2024,2230,,,,,,0
LU1:DF_X021(1.1),A,0406,2025,2229,,,,,,0
LU1:DF_X021(1.1),A,0406,2026,2241,,,,,,0
LU1:DF_X021(1.1),A,0608,2010,1027,,,,,,0
LU1:DF_X021(1.1),A,0608,2011,1043,,,,,,0
LU1:DF_X021(1.1),A,0608,2012,1090,,,,,,0
LU1:DF_X021(1.1),A,0608,2013,1077,,,,,,0
LU1:DF_X021(1.1),A,0608,2014,1132,,,,,,0
LU1:DF_X021(1.1),A,0608,2015,1105,,,,,,0
LU1:DF_X021(1.1),A,0608,2016,1121,,,,,,0
LU1:DF_X021(1.1),A,0608,2017,1202,,,,,,0
LU1:DF_X021(1.1),A,0608,2018,1206,,,,,,0
LU1:DF_X021(1.1),A,0608,2019,1234,,,,,,0
LU1:DF_X021(1.1),A,0608,2020,1276,,,,,,0
LU1:DF_X021(1.1),A,0608,2021,1288,,,,,,0
LU1:DF_X021(1.1),A,0608,2022,1319,,,,,,0
LU1:DF_X021(1.1),A,0608,2023,1353,,,,,,0
LU1:DF_X021(1.1),A,0608,2024,1430,,,,,,0
LU1:DF_X021(1.1),A,0608,2025,1445,,,,,,0
LU1:DF_X021(1.1),A,0608,2026,1422,,,,,,0
